timestamp,signal,price,btc_amount,usd_amount,reason,portfolio_value,position_type,position_size_pct,kelly_multiplier
2025-05-10 00:00:00,BUY,102865.7,0.05646579864686381,5808.3939038686985,Markov Aggressive: FLAT-NEUTRAL→FLAT-NEUTRAL (93%),16229.256,BUY,0.7260492379835873,1.0
2025-05-10 01:00:00,BUY,102987.5,0.015450554058078077,1591.213936056316,Markov Aggressive: FLAT-NEUTRAL→FLAT-NEUTRAL (93%),16245.877534275189,BUY,0.7260492379835873,1.0
2025-05-10 02:00:00,BUY,103147.96,0.004226106559099794,435.91427031376315,Markov Aggressive: FLAT-NEUTRAL→FLAT-NEUTRAL (93%),16270.254032230227,BUY,0.7260492379835873,1.0
2025-05-10 03:00:00,BUY,103226.24,0.001156867154381327,119.41904652628392,Markov Aggressive: FLAT-NEUTRAL→FLAT-NEUTRAL (93%),16282.476863941412,BUY,0.7260492379835873,1.0
2025-05-12 14:00:00,SELL,102799.99,0.11420705608142759,11740.484223100197,Trend Reversal,16215.42802605556,SELL,,1.0
2025-05-12 15:00:00,SELL,102527.26,0.03128711004115827,3207.7816658384445,Trend Reversal,16203.675471166553,SELL,,1.0
2025-05-12 16:00:00,SELL,102856.06,0.008571127637066663,881.5924185057869,Trend Reversal,16207.557007871823,SELL,,1.0
2025-05-12 17:00:00,SELL,102556.19,0.002348066947514346,240.80880000200128,Trend Reversal,16206.587218498438,SELL,,1.0
2025-05-12 18:00:00,BUY,101630.59,0.09741836435912718,9900.685846653067,Markov Aggressive: FLAT-NEUTRAL→FLAT-NEUTRAL (93%),16205.767168636099,BUY,0.6143493552168817,1.0
2025-05-12 19:00:00,SELL,101860.0,0.06039320179376751,6151.651534713159,Trend Reversal,16228.319164997547,SELL,,1.0
2025-05-12 20:00:00,SELL,102678.51,0.023290677212283416,2391.4520330482146,Trend Reversal,16259.34980260324,SELL,,1.0
2025-05-12 21:00:00,SELL,102510.1,0.008982064684352578,920.7523489994512,Trend Reversal,16256.887572439497,SELL,,1.0
2025-05-12 22:00:00,SELL,102856.38,0.0034639390370042474,356.28822988694293,Trend Reversal,16258.840032875154,SELL,,1.0
2025-05-12 23:00:00,SELL,102791.32,0.001335870323110102,137.3158738613139,Trend Reversal,16258.698563331021,SELL,,1.0
2025-05-13 00:00:00,BUY,102260.01,0.09715982839972813,9935.565023754481,Markov Aggressive: FLAT-NEUTRAL→FLAT-NEUTRAL (93%),16258.253018974598,BUY,0.6143493552168817,1.0
2025-05-13 01:00:00,SELL,102400.48,0.06020525718180989,6165.04723394078,Trend Reversal,16272.018854983886,SELL,,1.0
2025-05-13 02:00:00,SELL,102067.99,0.023218196251498447,2369.834622815981,Trend Reversal,16259.453011126307,SELL,,1.0
2025-05-13 03:00:00,SELL,101719.4,0.008954112355091356,910.8069362924796,Trend Reversal,16254.372328613406,SELL,,1.0
2025-05-13 04:00:00,BUY,102745.71,0.07555448132527294,7762.89882744691,Markov Aggressive: UP-NEUTRAL→FLAT-NEUTRAL (75%),16260.141052535297,BUY,0.495,1.0
2025-05-13 05:00:00,SELL,102477.15,0.04018178387345109,4117.714693267228,Trend Reversal,16238.340608339227,SELL,,1.0
2025-05-13 06:00:00,BUY,102552.0,0.07211164438338155,7395.1933548045445,Markov Aggressive: FLAT-NEUTRAL→FLAT-NEUTRAL (93%),16241.408974589893,BUY,0.6143493552168817,1.0
2025-05-13 07:00:00,BUY,102665.5,0.027779157414868715,2851.961085576204,Markov Aggressive: FLAT-NEUTRAL→FLAT-NEUTRAL (93%),16254.24641268633,BUY,0.6143493552168817,1.0
2025-05-13 08:00:00,BUY,102722.0,0.010707157488647272,1099.860631548825,Markov Aggressive: FLAT-NEUTRAL→FLAT-NEUTRAL (93%),16262.206377833121,BUY,0.6143493552168817,1.0
2025-05-13 09:00:00,BUY,103457.03,0.004099885350742931,424.161961728372,Markov Aggressive: FLAT-NEUTRAL→FLAT-NEUTRAL (93%),16373.630675409899,BUY,0.6143493552168817,1.0
2025-05-13 10:00:00,BUY,103557.72,0.0015795860900859832,163.57833403301902,Markov Aggressive: FLAT-NEUTRAL→FLAT-NEUTRAL (93%),16389.307240635353,BUY,0.6143493552168817,1.0
2025-05-13 11:00:00,BUY,103729.2,0.0006081613469725215,63.08408999238208,Markov Aggressive: FLAT-NEUTRAL→FLAT-NEUTRAL (93%),16416.27606619554,BUY,0.6143493552168817,1.0
2025-05-14 16:00:00,SELL,103363.65,0.09699294120024486,10025.54442669269,Trend Reversal,16358.563350531935,SELL,,1.0
2025-05-14 17:00:00,SELL,103246.79,0.037405390313285505,3861.9864785438226,Trend Reversal,16351.448190607225,SELL,,1.0
2025-05-14 18:00:00,SELL,103523.81,0.01442541289268276,1493.3737034736403,Trend Reversal,16357.952841170618,SELL,,1.0
2025-05-14 19:00:00,SELL,103321.72,0.0055631697833258146,574.7962706652505,Trend Reversal,16356.122838466186,SELL,,1.0
2025-05-14 20:00:00,BUY,103555.51,0.09489309614967692,9826.702967258829,Markov Aggressive: FLAT-NEUTRAL→FLAT-NEUTRAL (93%),16356.939283403597,BUY,0.6143493552168817,1.0
2025-05-14 21:00:00,BUY,103647.39,0.03656314293505654,3789.6743354155496,Markov Aggressive: FLAT-NEUTRAL→FLAT-NEUTRAL (93%),16365.978925789106,BUY,0.6143493552168817,1.0
2025-05-14 22:00:00,SELL,103511.46,0.0829054957349198,8581.668905545323,Trend Reversal,16347.635382429697,SELL,,1.0
2025-05-14 23:00:00,SELL,103507.82,0.03197255788623589,3309.409766628085,Trend Reversal,16347.445946061418,SELL,,1.0
2025-05-15 00:00:00,BUY,103801.85,0.08445674972126209,8766.76686605399,Markov Aggressive: FLAT-NEUTRAL→FLAT-NEUTRAL (93%),16353.347245900366,BUY,0.6143493552168817,1.0
2025-05-15 01:00:00,SELL,103033.52,0.06421618729916337,6616.419818412095,Trend Reversal,16273.035900623301,SELL,,1.0
2025-05-15 02:00:00,SELL,103047.62,0.02476501403743584,2551.975755824354,Trend Reversal,16273.60428519954,SELL,,1.0
2025-05-15 03:00:00,SELL,102753.63,0.009550643631600107,981.3633019832937,Trend Reversal,16269.033931707003,SELL,,1.0
2025-05-15 04:00:00,SELL,102891.76,0.0036832118746203627,378.9721522325884,Trend Reversal,16269.862063212182,SELL,,1.0
2025-05-15 05:00:00,SELL,102375.31,0.0014204330343201806,145.41727222276913,Trend Reversal,16268.66798262213,SELL,,1.0
2025-05-15 06:00:00,BUY,102247.4,0.09720115543833996,9938.565420566121,Markov Aggressive: FLAT-NEUTRAL→FLAT-NEUTRAL (93%),16268.553930356242,BUY,0.6143493552168817,1.0
2025-05-15 07:00:00,SELL,101779.99,0.06026325808543687,6133.593805303184,Trend Reversal,16222.704367363262,SELL,,1.0
2025-05-15 08:00:00,SELL,102274.65,0.02324056433738019,2376.920583408041,Trend Reversal,16241.417136339913,SELL,,1.0
2025-05-15 09:00:00,SELL,101823.39,0.008962738621834216,912.6164301590878,Trend Reversal,16234.833707227235,SELL,,1.0
2025-05-15 10:00:00,SELL,101804.74,0.0034564859285329225,351.88665126795274,Trend Reversal,16234.728777577648,SELL,,1.0
2025-05-15 11:00:00,SELL,102371.61,0.001332996027022497,136.46094940989653,Trend Reversal,16235.958754383877,SELL,,1.0
2025-05-15 12:00:00,BUY,102560.0,0.0967426339601792,9921.924538955978,Markov Aggressive: FLAT-NEUTRAL→FLAT-NEUTRAL (93%),16236.11639399547,BUY,0.6143493552168817,1.0
2025-05-15 13:00:00,SELL,102133.49,0.05994784557273346,6122.682686324317,Trend Reversal,16194.49780125486,SELL,,1.0
2025-05-15 14:00:00,SELL,101987.65,0.02311892529848346,2357.8448617178765,Trend Reversal,16189.009614383824,SELL,,1.0
2025-05-15 15:00:00,BUY,103251.35,0.07051632251586823,7280.905496798791,Markov Aggressive: UP-NEUTRAL→FLAT-NEUTRAL (75%),16207.349232248042,BUY,0.495,1.0
2025-05-15 16:00:00,BUY,103846.27,0.043943645059405144,4563.383629623153,Markov Aggressive: FLAT-NEUTRAL→FLAT-NEUTRAL (93%),16257.934660131083,BUY,0.6143493552168817,1.0
2025-05-15 17:00:00,BUY,103968.24,0.016927013856894137,1759.8718391568955,Markov Aggressive: FLAT-NEUTRAL→FLAT-NEUTRAL (93%),16273.665448565127,BUY,0.6143493552168817,1.0
2025-05-15 18:00:00,SELL,102697.31,0.0896333357747974,9205.102470398459,Trend Reversal,16088.23724803247,SELL,,1.0
2025-05-15 19:00:00,BUY,103157.26,0.06139989058357237,6333.844476901127,Markov Aggressive: FLAT-NEUTRAL→FLAT-NEUTRAL (93%),16114.116924190155,BUY,0.6143493552168817,1.0
2025-05-15 20:00:00,BUY,103443.51,0.023613382864453386,2442.6512064729122,Markov Aggressive: FLAT-NEUTRAL→FLAT-NEUTRAL (93%),16147.798865937726,BUY,0.6143493552168817,1.0
2025-05-15 21:00:00,BUY,103288.75,0.009120160838005499,942.0100127565405,Markov Aggressive: FLAT-NEUTRAL→FLAT-NEUTRAL (93%),16125.934442020105,BUY,0.6143493552168817,1.0
2025-05-15 22:00:00,BUY,103492.06,0.0035102863815032127,363.2867688117134,Markov Aggressive: FLAT-NEUTRAL→FLAT-NEUTRAL (93%),16156.5122082285,BUY,0.6143493552168817,1.0
2025-05-15 23:00:00,BUY,103763.71,0.001350200148331366,140.10177663341287,Markov Aggressive: FLAT-NEUTRAL→FLAT-NEUTRAL (93%),16198.321860306538,BUY,0.6143493552168817,1.0
2025-05-17 01:00:00,SELL,102829.57,0.09538400515923058,9808.296235401463,Trend Reversal,16053.287094952244,SELL,,1.0
2025-05-17 02:00:00,SELL,103286.01,0.036784903091653554,3799.3658685735595,Trend Reversal,16080.616986364315,SELL,,1.0
2025-05-17 03:00:00,BUY,103508.48,0.08128695136939687,8413.888780080188,Markov Aggressive: FLAT-NEUTRAL→FLAT-NEUTRAL (93%),16085.754106546128,BUY,0.6143493552168817,1.0
2025-05-17 04:00:00,BUY,103658.05,0.031303132107649796,3244.821633171368,Markov Aggressive: FLAT-NEUTRAL→FLAT-NEUTRAL (93%),16101.365960709818,BUY,0.6143493552168817,1.0
2025-05-17 05:00:00,SELL,103342.79,0.08335576678351923,8614.217501998202,Trend Reversal,16058.59104963842,SELL,,1.0
2025-05-17 06:00:00,SELL,103487.95,0.03214620520645542,3326.744877095398,Trend Reversal,16066.186635290367,SELL,,1.0
2025-05-17 07:00:00,SELL,103451.14,0.012397204765199968,1282.504965773369,Trend Reversal,16065.443831373457,SELL,,1.0
2025-05-17 08:00:00,SELL,103426.06,0.004780990011207713,494.4789597585696,Trend Reversal,16065.248653778717,SELL,,1.0
2025-05-17 09:00:00,SELL,102896.59,0.0018437918805239025,189.71989717559697,Trend Reversal,16063.659602730333,SELL,,1.0
2025-05-17 10:00:00,SELL,102873.74,0.0007110595275699212,73.14935296375091,Trend Reversal,16063.633155709485,SELL,,1.0
2025-05-17 11:00:00,BUY,102994.17,0.09554397667862857,9840.472576514707,Markov Aggressive: FLAT-NEUTRAL→FLAT-NEUTRAL (93%),16063.686910763343,BUY,0.6143493552168817,1.0
2025-05-17 12:00:00,SELL,102927.57,0.05897160103265877,6069.803593301058,Trend Reversal,16057.29395438531,SELL,,1.0
2025-05-17 13:00:00,SELL,102713.34,0.02274243596213766,2335.9515574072725,Trend Reversal,16049.363430791858,SELL,,1.0
2025-05-17 14:00:00,SELL,103124.8,0.008770635092737164,904.4699898115015,Trend Reversal,16055.237556783222,SELL,,1.0
2025-05-17 15:00:00,SELL,102939.53,0.0033824010786715317,348.1827773099405,Trend Reversal,16054.217522428953,SELL,,1.0
2025-05-17 16:00:00,SELL,102938.32,0.0013044251569047907,134.27533421751556,Trend Reversal,16054.214953280914,SELL,,1.0
2025-05-17 17:00:00,BUY,103130.43,0.09513305855354134,9811.113235841896,Markov Aggressive: FLAT-NEUTRAL→FLAT-NEUTRAL (93%),16054.372260188275,BUY,0.6143493552168817,1.0
2025-05-17 18:00:00,SELL,102987.2,0.05894798558500963,6070.887981040504,Trend Reversal,16040.629070090257,SELL,,1.0
2025-05-17 19:00:00,BUY,103158.6,0.0728325923596168,7513.308262188765,Markov Aggressive: FLAT-NEUTRAL→FLAT-NEUTRAL (93%),16046.971540376002,BUY,0.6143493552168817,1.0
2025-05-17 20:00:00,BUY,103372.04,0.0280299409372924,2897.5121757674274,Markov Aggressive: FLAT-NEUTRAL→FLAT-NEUTRAL (93%),16070.415043578787,BUY,0.6143493552168817,1.0
2025-05-17 21:00:00,BUY,103243.69,0.010823203227738607,1117.4274388516442,Markov Aggressive: FLAT-NEUTRAL→FLAT-NEUTRAL (93%),16052.719885497952,BUY,0.6143493552168817,1.0
2025-05-17 22:00:00,SELL,103031.03,0.09134738887036482,9411.615563124224,Trend Reversal,16021.099545129378,SELL,,1.0
2025-05-17 23:00:00,SELL,103126.65,0.03522817941711044,3632.9641288855523,Trend Reversal,16026.582611868618,SELL,,1.0
2025-05-18 00:00:00,BUY,103382.8,0.0816854035212136,8444.865735152922,Markov Aggressive: FLAT-NEUTRAL→FLAT-NEUTRAL (93%),16032.247133176066,BUY,0.6143493552168817,1.0
2025-05-18 01:00:00,BUY,103251.49,0.03154209121697503,3256.7679158685855,Markov Aggressive: FLAT-NEUTRAL→FLAT-NEUTRAL (93%),16018.617223140765,BUY,0.6143493552168817,1.0
2025-05-18 02:00:00,BUY,103346.7,0.012153021302699482,1255.9746466636925,Markov Aggressive: FLAT-NEUTRAL→FLAT-NEUTRAL (93%),16031.503094365822,BUY,0.6143493552168817,1.0
2025-05-18 03:00:00,BUY,103295.7,0.0046891345168976264,484.36743231710216,Markov Aggressive: FLAT-NEUTRAL→FLAT-NEUTRAL (93%),16023.980870024392,BUY,0.6143493552168817,1.0
2025-05-18 04:00:00,BUY,103355.01,0.0018073300228506957,186.79661258503387,Markov Aggressive: FLAT-NEUTRAL→FLAT-NEUTRAL (93%),16033.006887017886,BUY,0.6143493552168817,1.0
2025-05-18 05:00:00,BUY,103648.2,0.0006950263881738483,72.03823408672066,Markov Aggressive: FLAT-NEUTRAL→FLAT-NEUTRAL (93%),16078.155525743821,BUY,0.6143493552168817,1.0
2025-05-18 13:00:00,SELL,104740.0,0.09503129710784056,9953.57805907522,Markov Exit: FLAT-OVERBOUGHT→FLAT-OVERBOUGHT (74%),16247.041794283507,SELL,,1.0
2025-05-18 14:00:00,SELL,105270.97,0.036648881004214796,3858.0632527282655,Markov Exit: FLAT-OVERBOUGHT→FLAT-OVERBOUGHT (74%),16278.71669746614,SELL,,1.0
2025-05-18 15:00:00,SELL,105518.0,0.014133664589855214,1491.3560201923424,Markov Exit: FLAT-OVERBOUGHT→FLAT-OVERBOUGHT (74%),16284.399846856602,SELL,,1.0
2025-05-18 16:00:00,SELL,105822.22,0.00545065686222599,576.8006096189885,Markov Exit: FLAT-OVERBOUGHT→FLAT-OVERBOUGHT (74%),16287.098960669526,SELL,,1.0
2025-05-18 17:00:00,BUY,104836.67,0.11028915726442085,11562.34798470819,Markov Aggressive: FLAT-NEUTRAL→FLAT-NEUTRAL (93%),16283.726816297682,BUY,0.7260492379835873,1.0
2025-05-18 18:00:00,BUY,104498.0,0.03031171927797414,3167.514041109742,Markov Aggressive: FLAT-NEUTRAL→FLAT-NEUTRAL (93%),16245.216398776822,BUY,0.7260492379835873,1.0
2025-05-18 19:00:00,BUY,103883.97,0.00835300080714763,867.7428852597002,Markov Aggressive: FLAT-NEUTRAL→FLAT-NEUTRAL (93%),16156.78228592152,BUY,0.7260492379835873,1.0
2025-05-18 20:00:00,BUY,104053.05,0.0022845925674568448,237.71882465121544,Markov Aggressive: FLAT-NEUTRAL→FLAT-NEUTRAL (93%),16182.545929314332,BUY,0.7260492379835873,1.0
2025-05-18 23:00:00,SELL,106454.26,0.11229081595834267,11953.83571764156,Markov Exit: FLAT-OVERBOUGHT→FLAT-OVERBOUGHT (74%),16553.917202888242,SELL,,1.0
2025-05-19 00:00:00,BUY,105260.88,0.08399482032107285,8841.36870243801,Markov Aggressive: DOWN-NEUTRAL→FLAT-NEUTRAL (94%),16503.354598955775,BUY,0.7341176470588235,1.0
2025-05-19 01:00:00,BUY,105059.97,0.022129528095205367,2324.927557796433,Markov Aggressive: FLAT-NEUTRAL→FLAT-NEUTRAL (93%),16477.966795545948,BUY,0.7260492379835873,1.0
2025-05-19 02:00:00,BUY,104645.15,0.006086432826473946,636.91567609129,Markov Aggressive: FLAT-NEUTRAL→FLAT-NEUTRAL (93%),16416.368685094385,BUY,0.7260492379835873,1.0
2025-05-19 03:00:00,BUY,103605.88,0.0016841084193812894,174.48353480540754,Markov Aggressive: FLAT-NEUTRAL→FLAT-NEUTRAL (93%),16255.718306155073,BUY,0.7260492379835873,1.0
2025-05-19 05:00:00,SELL,103032.01,0.11345545244864946,11689.543311243775,Trend Reversal,16166.043009920992,SELL,,1.0
2025-05-19 06:00:00,SELL,102208.0,0.031081207653224394,3176.748071820759,Trend Reversal,16130.76823160229,SELL,,1.0
2025-05-19 07:00:00,SELL,103226.29,0.008514720520991179,878.9430097687865,Trend Reversal,16142.710196837872,SELL,,1.0
2025-05-19 08:00:00,SELL,103233.9,0.0023326141750823195,240.80485848903066,Trend Reversal,16142.734645859982,SELL,,1.0
2025-05-19 09:00:00,BUY,103061.61,0.09568508558603052,9861.4589734841,Markov Aggressive: FLAT-NEUTRAL→FLAT-NEUTRAL (93%),16142.583007380736,BUY,0.6143493552168817,1.0
2025-05-19 10:00:00,SELL,102915.5,0.059324781075057294,6105.439506730059,Trend Reversal,16128.47386298387,SELL,,1.0
2025-05-19 11:00:00,SELL,102963.41,0.02287864007321318,2355.6627981006786,Trend Reversal,16130.258052446428,SELL,,1.0
2025-05-19 12:00:00,SELL,102479.95,0.00882316229599555,904.1972309355091,Trend Reversal,16123.314696833862,SELL,,1.0
2025-05-19 13:00:00,BUY,103294.11,0.09251876745767369,9556.643742837367,Markov Aggressive: FLAT-NEUTRAL→FLAT-NEUTRAL (93%),16127.82403374416,BUY,0.6143493552168817,1.0
2025-05-19 14:00:00,BUY,104328.11,0.02846347435911995,2969.5404839204457,Markov Aggressive: UP-NEUTRAL→FLAT-NEUTRAL (75%),16229.215390220577,BUY,0.495,1.0
2025-05-19 15:00:00,BUY,104786.41,0.01776175498140294,1861.1905398008307,Markov Aggressive: FLAT-NEUTRAL→FLAT-NEUTRAL (93%),16287.199909100738,BUY,0.6143493552168817,1.0
2025-05-19 16:00:00,BUY,105356.44,0.009980468159989497,1051.5065948698439,Momentum Breakout,16369.445338992018,BUY,0.9,1.0
2025-05-19 17:00:00,BUY,105380.95,0.0009978146855478553,105.15065948698425,Momentum Breakout,16373.226327627346,BUY,0.9,1.0
2025-05-21 14:00:00,SELL,108999.99,0.1397348252119184,15231.094550750855,Markov Exit: UP-OVERBOUGHT→FLAT-OVERBOUGHT (73%),16935.121796332838,SELL,,1.0
2025-05-21 15:00:00,SELL,108973.35,0.01397348252119184,1522.7372015007209,Markov Exit: FLAT-OVERBOUGHT→FLAT-OVERBOUGHT (74%),16934.70818125021,SELL,,1.0
2025-05-21 16:00:00,SELL,109131.7,0.0013973482521191843,152.49499024579518,Markov Exit: FLAT-OVERBOUGHT→FLAT-OVERBOUGHT (74%),16934.954036912128,SELL,,1.0
2025-05-21 17:00:00,BUY,106592.79,0.11651641544967306,12419.809803579756,Markov Aggressive: DOWN-NEUTRAL→FLAT-NEUTRAL (94%),16934.55984341759,BUY,0.7341176470588235,1.0
2025-05-21 18:00:00,BUY,106965.05,0.030532542481563767,3265.9149331675926,Markov Aggressive: FLAT-NEUTRAL→FLAT-NEUTRAL (93%),16977.992041661815,BUY,0.7260492379835873,1.0
2025-05-21 19:00:00,BUY,108603.79,0.010211953663161487,1109.0568711237208,Momentum Breakout,17219.221483257013,BUY,0.9,1.0
2025-05-21 20:00:00,BUY,108238.09,0.0008266035409734632,89.46998846220438,Markov Aggressive: FLAT-NEUTRAL→FLAT-NEUTRAL (93%),17161.654388969633,BUY,0.7260492379835873,1.0
2025-05-22 03:00:00,SELL,111780.84,0.11489204696916093,12842.729519532262,Markov Exit: UP-OVERBOUGHT→FLAT-OVERBOUGHT (73%),17722.268983828824,SELL,,1.0
2025-05-22 04:00:00,SELL,111482.42,0.031474763816827116,3508.8828392283235,Markov Exit: FLAT-OVERBOUGHT→FLAT-OVERBOUGHT (74%),17709.332259255843,SELL,,1.0
2025-05-22 05:00:00,BUY,110879.99,0.13299815251048377,14746.833820380916,Momentum Breakout,17702.177821500474,BUY,0.9,1.0
2025-05-22 06:00:00,BUY,110606.07,0.013332752732631148,1474.683382038092,Momentum Breakout,17662.493903159066,BUY,0.9,1.0
2025-05-22 07:00:00,BUY,111045.45,0.0013279998253310614,147.4683382038091,Momentum Breakout,17732.006837923484,BUY,0.9,1.0
2025-05-23 12:00:00,SELL,108412.77,0.14358138330125866,15566.055484121196,Trend Reversal,17312.002575490642,SELL,,1.0
2025-05-23 13:00:00,SELL,109634.99,0.014358138330125867,1574.1543522419663,Trend Reversal,17331.501246412692,SELL,,1.0
2025-05-23 14:00:00,SELL,109672.01,0.001435813833012586,157.46858905229465,Trend Reversal,17331.56030622169,SELL,,1.0
2025-05-23 15:00:00,BUY,108940.0,0.09763983779564386,10636.883929457443,Markov Aggressive: FLAT-NEUTRAL→FLAT-NEUTRAL (93%),17331.443525101255,BUY,0.6143493552168817,1.0
2025-05-23 16:00:00,SELL,109068.87,0.06008298153795948,6553.182902576103,Trend Reversal,17344.04693025672,SELL,,1.0
2025-05-23 17:00:00,SELL,109413.03,0.023171040570606264,2535.2137570829605,Trend Reversal,17357.027403427343,SELL,,1.0
2025-05-23 18:00:00,SELL,108794.09,0.008935926736350098,972.1760175878787,Trend Reversal,17348.024704153337,SELL,,1.0
2025-05-23 19:00:00,SELL,108716.07,0.0034461459076081213,374.6514397217381,Trend Reversal,17347.587056906817,SELL,,1.0
2025-05-23 20:00:00,SELL,108236.53,0.0013290083912857764,143.84725661365468,Trend Reversal,17346.5496786162,SELL,,1.0
2025-05-23 21:00:00,BUY,108282.89,0.09790435795564868,10601.366823032131,Markov Aggressive: FLAT-NEUTRAL→FLAT-NEUTRAL (93%),17346.588355351247,BUY,0.6143493552168817,1.0
2025-05-23 22:00:00,SELL,107797.37,0.06066001212599709,6538.989771350594,Trend Reversal,17298.64877693822,SELL,,1.0
2025-05-23 23:00:00,SELL,107318.3,0.02339357278894255,2510.5584626355735,Trend Reversal,17280.406454681623,SELL,,1.0
2025-05-24 00:00:00,SELL,107366.68,0.009021746429836506,968.6349619733985,Trend Reversal,17281.116917040814,SELL,,1.0
2025-05-24 01:00:00,SELL,107479.24,0.003479242327736244,373.9463211609224,Trend Reversal,17281.75437765355,SELL,,1.0
2025-05-24 02:00:00,SELL,107803.84,0.0013417720470482,144.64817907645661,Trend Reversal,17282.46332151875,SELL,,1.0
2025-05-24 03:00:00,BUY,108366.3,0.09746283239906606,10561.686534606912,Markov Aggressive: FLAT-NEUTRAL→FLAT-NEUTRAL (93%),17282.937071316497,BUY,0.6143493552168817,1.0
2025-05-24 04:00:00,BUY,108485.07,0.03754545415390647,4073.121222068334,Markov Aggressive: FLAT-NEUTRAL→FLAT-NEUTRAL (93%),17294.612769724965,BUY,0.6143493552168817,1.0
2025-05-24 05:00:00,SELL,108235.68,0.08345970904785079,9033.318361396281,Trend Reversal,17260.732996493825,SELL,,1.0
2025-05-24 06:00:00,SELL,107959.99,0.0321862906077151,3474.831612146016,Trend Reversal,17246.289360503506,SELL,,1.0
2025-05-24 07:00:00,SELL,107587.75,0.012412663726042154,1335.4505617914917,Trend Reversal,17238.76841186712,SELL,,1.0
2025-05-24 08:00:00,BUY,108251.23,0.09307616078203312,10075.608888332847,Markov Aggressive: FLAT-NEUTRAL→FLAT-NEUTRAL (93%),17243.938184949824,BUY,0.6143493552168817,1.0
2025-05-24 09:00:00,BUY,108161.69,0.035924596447855804,3885.6650643680805,Markov Aggressive: FLAT-NEUTRAL→FLAT-NEUTRAL (93%),17234.906458346006,BUY,0.6143493552168817,1.0
2025-05-24 10:00:00,BUY,109094.99,0.013735820842779188,1498.509237484787,Markov Aggressive: FLAT-NEUTRAL→FLAT-NEUTRAL (93%),17362.575049939478,BUY,0.6143493552168817,1.0
2025-05-24 11:00:00,BUY,109208.56,0.005291719382157103,577.9010536494669,Markov Aggressive: FLAT-NEUTRAL→FLAT-NEUTRAL (93%),17379.67056975405,BUY,0.6143493552168817,1.0
2025-05-24 12:00:00,BUY,108776.63,0.0020488584171136793,222.86791396076038,Markov Aggressive: FLAT-NEUTRAL→FLAT-NEUTRAL (93%),17312.367149738137,BUY,0.6143493552168817,1.0
2025-05-24 13:00:00,BUY,108590.29,0.0007914994491720739,85.94915472043576,Markov Aggressive: FLAT-NEUTRAL→FLAT-NEUTRAL (93%),17282.949828948367,BUY,0.6143493552168817,1.0
2025-05-24 22:00:00,SELL,108100.5,0.0974730128883867,10536.881429741046,Trend Reversal,17205.239473143167,SELL,,1.0
2025-05-24 23:00:00,SELL,107761.91,0.03759053026935952,4050.827339738996,Trend Reversal,17184.52198148175,SELL,,1.0
2025-05-25 00:00:00,SELL,107443.9,0.014496812236117826,1557.59404421622,Trend Reversal,17177.01789407601,SELL,,1.0
2025-05-25 01:00:00,SELL,107656.22,0.0055907049861586375,601.8741659449912,Trend Reversal,17178.95004957122,SELL,,1.0
2025-05-25 02:00:00,SELL,107928.8,0.002156058982704273,232.70085873249297,Trend Reversal,17179.906669045977,SELL,,1.0
2025-05-25 03:00:00,SELL,108095.75,0.0008314855368703371,89.88005272215175,Trend Reversal,17180.13262600223,SELL,,1.0
2025-05-25 04:00:00,BUY,108245.21,0.09718620436913138,10519.941101039543,Markov Aggressive: FLAT-NEUTRAL→FLAT-NEUTRAL (93%),17180.21063744901,BUY,0.6143493552168817,1.0
2025-05-25 05:00:00,SELL,108103.98,0.060026944923573834,6489.151653479127,Trend Reversal,17166.411314051715,SELL,,1.0
2025-05-25 06:00:00,SELL,107938.0,0.023149430014136982,2498.7031768659176,Trend Reversal,17160.15698601976,SELL,,1.0
2025-05-25 07:00:00,SELL,107681.81,0.008927592611313597,961.3393313288746,Trend Reversal,17156.43408807632,SELL,,1.0
2025-05-25 08:00:00,SELL,107109.41,0.0034429318469140907,368.7703987931786,Trend Reversal,17153.226248477502,SELL,,1.0
2025-05-25 09:00:00,SELL,107131.67,0.0013277688867067514,142.24609820693507,Trend Reversal,17153.27435813232,SELL,,1.0
2025-05-25 10:00:00,BUY,106946.4,0.09802336256559806,10483.245742285475,Markov Aggressive: FLAT-NEUTRAL→FLAT-NEUTRAL (93%),17153.119937173673,BUY,0.6143493552168817,1.0
2025-05-25 11:00:00,SELL,107260.0,0.060732644515647215,6514.18345074832,Trend Reversal,17184.12144658908,SELL,,1.0
2025-05-25 12:00:00,SELL,107530.57,0.02342158351684326,2518.5362258687605,Trend Reversal,17194.436713950134,SELL,,1.0
2025-05-25 13:00:00,SELL,107521.75,0.009032548785112256,971.1954523356437,Trend Reversal,17194.307036789076,SELL,,1.0
2025-05-25 14:00:00,SELL,107355.0,0.003483408263013513,373.9612940758157,Trend Reversal,17193.361551418373,SELL,,1.0
2025-05-25 15:00:00,SELL,106967.97,0.0013433786426740035,143.69848634819354,Trend Reversal,17192.515244945258,SELL,,1.0
2025-05-25 16:00:00,BUY,107174.4,0.09803454221692857,10506.793241373989,Markov Aggressive: FLAT-NEUTRAL→FLAT-NEUTRAL (93%),17192.689325357744,BUY,0.6143493552168817,1.0
2025-05-25 17:00:00,SELL,107363.37,0.06074553263968734,6521.845096641829,Trend Reversal,17211.374269364675,SELL,,1.0
2025-05-25 18:00:00,BUY,107413.34,0.07502460046475677,8058.642918085077,Markov Aggressive: FLAT-NEUTRAL→FLAT-NEUTRAL (93%),17213.279740388538,BUY,0.6143493552168817,1.0
2025-05-25 19:00:00,BUY,107717.01,0.028851718381678257,3107.8208374364203,Markov Aggressive: FLAT-NEUTRAL→FLAT-NEUTRAL (93%),17247.642096309297,BUY,0.6143493552168817,1.0
2025-05-25 20:00:00,BUY,107677.35,0.011130782005944294,1198.5331098277659,Markov Aggressive: FLAT-NEUTRAL→FLAT-NEUTRAL (93%),17242.010034491515,BUY,0.6143493552168817,1.0
2025-05-25 21:00:00,SELL,107466.7,0.09408109208421152,10110.584498686334,Trend Reversal,17209.75121973205,SELL,,1.0
2025-05-25 22:00:00,BUY,109166.0,0.049256729143430954,5377.160093671783,Markov Aggressive: UP-NEUTRAL→FLAT-NEUTRAL (75%),17310.109003579088,BUY,0.495,1.0
2025-05-25 23:00:00,BUY,109004.19,0.030917997719055894,3370.1912977875354,Markov Aggressive: FLAT-NEUTRAL→FLAT-NEUTRAL (93%),17292.582547317725,BUY,0.6143493552168817,1.0
2025-05-26 00:00:00,BUY,109540.46,0.016570893851997667,1815.1833351589964,Momentum Breakout,17367.24904725878,BUY,0.8580000000000001,1.0
2025-05-26 01:00:00,BUY,109545.46,0.002352959525594008,257.7560335925774,Momentum Breakout,17368.028066905477,BUY,0.8580000000000001,1.0
2025-05-26 07:00:00,SELL,110094.62,0.13569861064652752,14939.6869736574,Markov Exit: FLAT-OVERBOUGHT→FLAT-OVERBOUGHT (74%),17454.88150399481,SELL,,1.0
2025-05-26 08:00:00,BUY,109666.4,0.0991910085694633,10877.920822182188,Markov Aggressive: FLAT-NEUTRAL→FLAT-NEUTRAL (93%),17445.26442009592,BUY,0.7260492379835873,1.0
2025-05-26 09:00:00,BUY,109712.56,0.027162019538975426,2980.0146983910136,Markov Aggressive: FLAT-NEUTRAL→FLAT-NEUTRAL (93%),17450.879751174067,BUY,0.7260492379835873,1.0
2025-05-26 10:00:00,BUY,109643.56,0.007445738695864384,816.3772974443283,Markov Aggressive: FLAT-NEUTRAL→FLAT-NEUTRAL (93%),17440.61177103748,BUY,0.7260492379835873,1.0
2025-05-26 11:00:00,BUY,109772.72,0.002037365774736868,223.6471827277733,Markov Aggressive: FLAT-NEUTRAL→FLAT-NEUTRAL (93%),17460.793930972675,BUY,0.7260492379835873,1.0
2025-05-27 02:00:00,SELL,108272.72,0.11492953633689737,12443.733507534715,Trend Reversal,17223.352314775784,SELL,,1.0
2025-05-27 03:00:00,SELL,108892.16,0.03148503405768602,3428.473366214995,Trend Reversal,17250.214252611924,SELL,,1.0
2025-05-27 04:00:00,SELL,108952.65,0.008625349072215793,939.754638592952,Trend Reversal,17250.932864157923,SELL,,1.0
2025-05-27 05:00:00,SELL,108923.36,0.0023629209509910746,257.3772893963432,Trend Reversal,17250.837540106833,SELL,,1.0
2025-05-27 06:00:00,BUY,108828.19,0.09683501772995172,10538.379708168555,Markov Aggressive: FLAT-NEUTRAL→FLAT-NEUTRAL (93%),17250.752689353758,BUY,0.6143493552168817,1.0
2025-05-27 07:00:00,BUY,109547.16,0.037099391069787054,4064.132929424534,Markov Aggressive: FLAT-NEUTRAL→FLAT-NEUTRAL (93%),17321.015174407265,BUY,0.6143493552168817,1.0
2025-05-27 08:00:00,BUY,109695.65,0.016885861680451465,1852.3055728472154,Markov Aggressive: FLAT-NEUTRAL→FLAT-NEUTRAL (93%),17341.035484055687,BUY,0.7260492379835873,1.0
2025-05-27 09:00:00,BUY,109830.25,0.004620225513178222,507.44052316874235,Markov Aggressive: FLAT-NEUTRAL→FLAT-NEUTRAL (93%),17361.455897835487,BUY,0.7260492379835873,1.0
2025-05-27 10:00:00,BUY,109698.57,0.0012672336385067195,139.01371800008408,Markov Aggressive: FLAT-NEUTRAL→FLAT-NEUTRAL (93%),17340.87009133543,BUY,0.7260492379835873,1.0
2025-05-28 00:00:00,SELL,109205.39,0.11442485168046956,12495.810553457834,Trend Reversal,17263.145268555498,SELL,,1.0
2025-05-28 01:00:00,SELL,108667.99,0.03134677531147964,3406.3910660801166,Trend Reversal,17239.94332002213,SELL,,1.0
2025-05-28 02:00:00,SELL,108627.42,0.008587472983337119,932.8350344996142,Trend Reversal,17239.463471327705,SELL,,1.0
2025-05-28 03:00:00,SELL,108863.64,0.0023525447675805606,256.1065866617738,Trend Reversal,17240.22887138038,SELL,,1.0
2025-05-28 04:00:00,BUY,108971.87,0.0966502349090391,10532.15683397727,Markov Aggressive: FLAT-NEUTRAL→FLAT-NEUTRAL (93%),17240.32494231016,BUY,0.6143493552168817,1.0
2025-05-28 05:00:00,SELL,109000.0,0.05992233994018375,6531.535053480028,Trend Reversal,17243.068683160873,SELL,,1.0
2025-05-28 06:00:00,SELL,108727.27,0.023109089034845064,2512.588162945639,Trend Reversal,17232.80979414446,SELL,,1.0
2025-05-28 07:00:00,SELL,108816.44,0.008912035086638488,969.775931283092,Trend Reversal,17234.10333528995,SELL,,1.0
2025-05-28 08:00:00,BUY,109040.45,0.09366951033842962,10213.765558582018,Markov Aggressive: FLAT-NEUTRAL→FLAT-NEUTRAL (93%),17235.356542684312,BUY,0.6143493552168817,1.0
2025-05-28 09:00:00,SELL,108789.17,0.06098273535738718,6634.261163859805,Trend Reversal,17210.413500731913,SELL,,1.0
2025-05-28 10:00:00,SELL,108829.01,0.02351803121121463,2559.444053865589,Trend Reversal,17211.938623783637,SELL,,1.0
2025-05-28 11:00:00,SELL,108870.38,0.009069743900634421,987.4264649647517,Trend Reversal,17212.54937612184,SELL,,1.0
2025-05-28 12:00:00,SELL,108891.94,0.0034977525832974184,380.87706443526747,Trend Reversal,17212.67212638609,SELL,,1.0
2025-05-28 13:00:00,SELL,108068.45,0.0013489105390404672,145.77467114276777,Trend Reversal,17210.864011295933,SELL,,1.0
2025-05-28 16:00:00,BUY,107420.0,0.09790788598162199,10517.265112145835,Markov Aggressive: FLAT-NEUTRAL→FLAT-NEUTRAL (93%),17210.314927917178,BUY,0.6143493552168817,1.0
2025-05-28 17:00:00,SELL,107679.01,0.06066985484259314,6532.869906294135,Trend Reversal,17235.89336951452,SELL,,1.0
2025-05-28 18:00:00,SELL,107476.55,0.023397368638944236,2514.668460391922,Trend Reversal,17228.182722120793,SELL,,1.0
2025-05-28 19:00:00,SELL,106946.01,0.009023210301837153,964.9963391723791,Trend Reversal,17220.390455468463,SELL,,1.0
2025-05-28 20:00:00,SELL,107318.18,0.003479806870917174,373.44654013832604,Trend Reversal,17222.498506387947,SELL,,1.0
2025-05-28 21:00:00,SELL,107495.74,0.0013419897634899334,144.25818269877539,Trend Reversal,17222.88636990629,SELL,,1.0
2025-05-28 22:00:00,BUY,107400.73,0.09799966792732719,10525.235875152526,Markov Aggressive: FLAT-NEUTRAL→FLAT-NEUTRAL (93%),17222.80633173152,BUY,0.6143493552168817,1.0
2025-05-28 23:00:00,BUY,107781.78,0.03766002010494706,4059.064001746981,Markov Aggressive: FLAT-NEUTRAL→FLAT-NEUTRAL (93%),17260.470108736918,BUY,0.6143493552168817,1.0
2025-05-29 00:00:00,BUY,108285.32,0.014456074465954085,1565.3806494896673,Markov Aggressive: FLAT-NEUTRAL→FLAT-NEUTRAL (93%),17329.204379423532,BUY,0.6143493552168817,1.0
2025-05-29 01:00:00,BUY,108156.23,0.005581648480228155,603.6900568067067,Markov Aggressive: FLAT-NEUTRAL→FLAT-NEUTRAL (93%),17309.717187847866,BUY,0.6143493552168817,1.0
2025-05-29 02:00:00,BUY,108426.94,0.0021471920138727858,232.8134596566637,Markov Aggressive: FLAT-NEUTRAL→FLAT-NEUTRAL (93%),17352.094085066274,BUY,0.6143493552168817,1.0
2025-05-29 03:00:00,BUY,108044.88,0.0008309941279103723,89.78466083078084,Markov Aggressive: FLAT-NEUTRAL→FLAT-NEUTRAL (93%),17291.466121662725,BUY,0.6143493552168817,1.0
2025-05-29 04:00:00,SELL,107564.44,0.09799978999705516,10541.29253115084,Trend Reversal,17214.827286273106,SELL,,1.0
2025-05-29 05:00:00,SELL,107681.81,0.0377936822009745,4069.6921059657184,Trend Reversal,17222.047680405954,SELL,,1.0
2025-05-29 06:00:00,BUY,107915.46,0.08349938464087857,9010.874503237346,Markov Aggressive: FLAT-NEUTRAL→FLAT-NEUTRAL (93%),17227.590919959548,BUY,0.6143493552168817,1.0
2025-05-29 07:00:00,BUY,107880.72,0.03221196115703755,3475.0495622332437,Markov Aggressive: FLAT-NEUTRAL→FLAT-NEUTRAL (93%),17223.865960701165,BUY,0.6143493552168817,1.0
2025-05-29 08:00:00,BUY,108492.49,0.012352514946689333,1340.155104328543,Markov Aggressive: FLAT-NEUTRAL→FLAT-NEUTRAL (93%),17309.168654604833,BUY,0.6143493552168817,1.0
2025-05-29 09:00:00,BUY,108520.01,0.0047625472951365365,516.8316800936899,Markov Aggressive: FLAT-NEUTRAL→FLAT-NEUTRAL (93%),17313.345871485497,BUY,0.6143493552168817,1.0
2025-05-29 10:00:00,BUY,108746.01,0.0018328623797091385,199.31647067247377,Markov Aggressive: FLAT-NEUTRAL→FLAT-NEUTRAL (93%),17348.72638649945,BUY,0.6143493552168817,1.0
2025-05-29 11:00:00,BUY,108779.84,0.0007066247333213121,76.866525430735,Markov Aggressive: FLAT-NEUTRAL→FLAT-NEUTRAL (93%),17354.08451091925,BUY,0.6143493552168817,1.0
2025-05-29 13:00:00,SELL,107601.08,0.09773710831499582,10516.61841077053,Trend Reversal,17166.5550656304,SELL,,1.0
2025-05-29 14:00:00,SELL,107622.54,0.037692378840915614,4056.549549501594,Trend Reversal,17167.871708096216,SELL,,1.0
2025-05-29 15:00:00,SELL,107019.89,0.014536090203408668,1555.6507745988733,Trend Reversal,17153.612435767376,SELL,,1.0
2025-05-29 16:00:00,SELL,106724.42,0.005605852559570122,598.2813630256367,Trend Reversal,17150.91631304549,SELL,,1.0
2025-05-29 17:00:00,SELL,106303.6,0.0021619006541573117,229.8178223792772,Trend Reversal,17149.435443853465,SELL,,1.0
2025-05-29 18:00:00,SELL,105837.13,0.0008337383812328123,88.24047744052672,Trend Reversal,17148.802393717753,SELL,,1.0
2025-05-29 20:00:00,BUY,106180.0,0.11688319496217145,12410.657641083364,Markov Aggressive: FLAT-NEUTRAL→FLAT-NEUTRAL (93%),17148.98184143465,BUY,0.7260492379835873,1.0
2025-05-29 21:00:00,SELL,106443.01,0.08524294669682049,9073.51582767913,Trend Reversal,17179.860941966446,SELL,,1.0
2025-05-29 22:00:00,SELL,105929.07,0.023352370204118424,2473.694858017975,Trend Reversal,17163.330772227495,SELL,,1.0
2025-05-29 23:00:00,SELL,105589.75,0.006397399612307614,675.4998257136579,Trend Reversal,17160.34093968876,SELL,,1.0
2025-05-30 00:00:00,SELL,104939.99,0.001752572498715174,183.91494048944537,Trend Reversal,17158.77251781433,SELL,,1.0
2025-05-30 01:00:00,BUY,105666.66,0.11742332040399052,12407.73007319953,Markov Aggressive: FLAT-NEUTRAL→FLAT-NEUTRAL (93%),17159.253046880556,BUY,0.7260492379835873,1.0
2025-05-30 02:00:00,SELL,106000.0,0.08573523087233198,9087.93447246719,Trend Reversal,17198.615366078568,SELL,,1.0
2025-05-30 03:00:00,SELL,106024.33,0.023487231829128406,2490.218018238014,Trend Reversal,17199.40242612974,SELL,,1.0
2025-05-30 04:00:00,SELL,106112.08,0.0064343450572458705,682.7617374620784,Trend Reversal,17200.1800783181,SELL,,1.0
2025-05-30 05:00:00,SELL,106083.42,0.0017626937315090442,186.99257945104117,Trend Reversal,17200.110497909907,SELL,,1.0
2025-05-30 06:00:00,BUY,105711.77,0.1176491544944235,12436.900360608963,Markov Aggressive: FLAT-NEUTRAL→FLAT-NEUTRAL (93%),17199.863315571725,BUY,0.7260492379835873,1.0
2025-05-30 07:00:00,SELL,105028.02,0.08590197026103798,9022.113850615702,Trend Reversal,17118.965947882025,SELL,,1.0
2025-05-30 08:00:00,SELL,105177.33,0.023532910211722574,2475.128663198715,Trend Reversal,17123.805425206556,SELL,,1.0
2025-05-30 09:00:00,SELL,105623.04,0.006446858684965218,680.9368127564286,Trend Reversal,17127.76304851108,SELL,,1.0
2025-05-30 10:00:00,BUY,105925.06,0.11563888801191392,12249.056150995262,Markov Aggressive: FLAT-NEUTRAL→FLAT-NEUTRAL (93%),17128.49771510535,BUY,0.7260492379835873,1.0
2025-05-30 11:00:00,BUY,105880.51,0.03169269081294545,3355.6382665469787,Markov Aggressive: FLAT-NEUTRAL→FLAT-NEUTRAL (93%),17123.237634335117,BUY,0.7260492379835873,1.0
2025-05-30 12:00:00,SELL,105684.96,0.10873610238606632,11491.770631227324,Trend Reversal,17093.95126681458,SELL,,1.0
2025-05-30 13:00:00,SELL,105495.59,0.029788338107357537,3142.5383037551665,Trend Reversal,17086.181797070272,SELL,,1.0
2025-05-30 14:00:00,SELL,105346.33,0.008160537923713141,859.6827210889994,Trend Reversal,17084.504167197847,SELL,,1.0
2025-05-30 15:00:00,SELL,105543.0,0.002235585582665048,235.95040915121717,Trend Reversal,17085.10973579229,SELL,,1.0
2025-05-30 17:00:00,BUY,104183.15,0.11844518149194858,12339.992110152902,Markov Aggressive: FLAT-NEUTRAL→FLAT-NEUTRAL (93%),17083.9626689008,BUY,0.7260492379835873,1.0
2025-05-30 18:00:00,SELL,104891.99,0.08660947413898096,9084.64009529125,Trend Reversal,17168.519275308347,SELL,,1.0
2025-05-30 19:00:00,SELL,104640.5,0.02372673143821462,2482.7770410604967,Trend Reversal,17160.30077527112,SELL,,1.0
2025-05-30 20:00:00,SELL,104580.0,0.006499956157657669,679.7654149678391,Trend Reversal,17159.759148991572,SELL,,1.0
2025-05-30 21:00:00,SELL,104631.59,0.0017806679424635925,186.3141180819942,Trend Reversal,17159.885675753594,SELL,,1.0
2025-05-30 22:00:00,BUY,103966.33,0.11934518631313998,12407.881024143395,Markov Aggressive: FLAT-NEUTRAL→FLAT-NEUTRAL (93%),17159.438703267522,BUY,0.7260492379835873,1.0
2025-05-30 23:00:00,SELL,103985.48,0.08713829691940064,9061.117631546396,Trend Reversal,17161.737030018252,SELL,,1.0
2025-05-31 00:00:00,SELL,103957.33,0.023871602841882226,2481.6280942624885,Trend Reversal,17160.81149276149,SELL,,1.0
2025-05-31 01:00:00,SELL,103476.61,0.006539643789086799,676.7001699022569,Trend Reversal,17156.481569392905,SELL,,1.0
2025-05-31 02:00:00,SELL,103189.83,0.0017915403993362285,184.86874924563753,Trend Reversal,17155.773934250763,SELL,,1.0
2025-05-31 03:00:00,BUY,103684.01,0.13160969394391533,13645.820822977856,Markov Aggressive: FLAT-NEUTRAL→FLAT-NEUTRAL (93%),17156.10798943029,BUY,0.7986541617819461,1.0
2025-05-31 04:00:00,SELL,103812.0,0.10565050304249565,10967.790021847559,Trend Reversal,17173.039232678606,SELL,,1.0
2025-05-31 05:00:00,SELL,103538.94,0.02127228909325034,2202.5102640887017,Trend Reversal,17165.766233253118,SELL,,1.0
2025-05-31 06:00:00,SELL,103862.52,0.0042830868782972546,444.8521965588862,Trend Reversal,17167.50155414469,SELL,,1.0
2025-05-31 07:00:00,SELL,103747.02,0.0008623817176715079,89.46953331090029,Trend Reversal,17167.376837974465,SELL,,1.0
2025-05-31 08:00:00,BUY,103648.32,0.13210810016359004,13692.782640347834,Markov Aggressive: FLAT-NEUTRAL→FLAT-NEUTRAL (93%),17167.355379413624,BUY,0.7986541617819461,1.0
2025-05-31 09:00:00,SELL,103538.01,0.10568232097056587,10942.137205473658,Trend Reversal,17152.75855217084,SELL,,1.0
2025-05-31 10:00:00,SELL,103410.0,0.021278695500647992,2200.4299017220087,Trend Reversal,17149.347957270835,SELL,,1.0
2025-05-31 11:00:00,SELL,103498.18,0.004284376781764703,443.4251993469039,Trend Reversal,17149.82099849781,SELL,,1.0
2025-05-31 12:00:00,BUY,104033.96,0.1189077987420137,12370.449178014704,Markov Aggressive: FLAT-NEUTRAL→FLAT-NEUTRAL (93%),17150.399704588406,BUY,0.7260492379835873,1.0
2025-05-31 13:00:00,BUY,104117.3,0.03254880772746157,3388.8939788024345,Markov Aggressive: FLAT-NEUTRAL→FLAT-NEUTRAL (93%),17160.399497642567,BUY,0.7260492379835873,1.0
2025-05-31 14:00:00,BUY,104573.92,0.008877835772874916,928.3900878857595,Markov Aggressive: FLAT-NEUTRAL→FLAT-NEUTRAL (93%),17230.05081716915,BUY,0.7260492379835873,1.0
2025-05-31 15:00:00,BUY,104556.08,0.0024325048531351604,254.3331720247881,Markov Aggressive: FLAT-NEUTRAL→FLAT-NEUTRAL (93%),17227.171181398826,BUY,0.7260492379835873,1.0
2025-06-01 02:00:00,SELL,104195.12,0.1189610373933796,12395.159566527675,Trend Reversal,17168.028944466285,SELL,,1.0
2025-06-01 03:00:00,SELL,104381.03,0.03258946684417931,3401.7221163462855,Trend Reversal,17176.37370603897,SELL,,1.0
2025-06-01 04:00:00,BUY,104633.16,0.09331420027628504,9763.759647780576,Markov Aggressive: FLAT-NEUTRAL→FLAT-NEUTRAL (93%),17179.47403814857,BUY,0.6143493552168817,1.0
2025-06-01 05:00:00,BUY,104536.57,0.03601993258123899,3765.4002036739707,Markov Aggressive: FLAT-NEUTRAL→FLAT-NEUTRAL (93%),17169.27309464615,BUY,0.6143493552168817,1.0
2025-06-01 06:00:00,SELL,104258.93,0.08701072590027648,9071.645180886111,Trend Reversal,17129.950748600182,SELL,,1.0
2025-06-01 07:00:00,SELL,104275.95,0.03355574254648879,3499.0569319905376,Trend Reversal,17130.88038046728,SELL,,1.0
2025-06-01 08:00:00,SELL,104386.6,0.012940793749229716,1350.8454607833428,Trend Reversal,17133.211137090027,SELL,,1.0
2025-06-01 09:00:00,SELL,103934.34,0.0049906254533957865,518.6973626858918,Trend Reversal,17129.537233555522,SELL,,1.0
2025-06-01 10:00:00,SELL,103930.99,0.0019246379239731273,200.02952483007186,Trend Reversal,17129.526738652272,SELL,,1.0
2025-06-01 11:00:00,SELL,104082.68,0.0007422378563542787,77.25410528680835,Trend Reversal,17129.7100058104,SELL,,1.0
2025-06-01 12:00:00,BUY,103956.26,0.11929827866667211,12401.802874625018,Markov Aggressive: FLAT-NEUTRAL→FLAT-NEUTRAL (93%),17129.65110279312,BUY,0.7260492379835873,1.0
2025-06-01 13:00:00,BUY,104259.2,0.03258689255126512,3397.483347880861,Markov Aggressive: FLAT-NEUTRAL→FLAT-NEUTRAL (93%),17165.932472518096,BUY,0.7260492379835873,1.0
2025-06-01 14:00:00,BUY,104599.7,0.008898143609303227,930.7431520900348,Markov Aggressive: FLAT-NEUTRAL→FLAT-NEUTRAL (93%),17217.80802287787,BUY,0.7260492379835873,1.0
2025-06-01 15:00:00,BUY,104715.1,0.002434966836269295,254.97779575662284,Markov Aggressive: FLAT-NEUTRAL→FLAT-NEUTRAL (93%),17236.416185864833,BUY,0.7260492379835873,1.0
2025-06-02 11:00:00,SELL,104047.64,0.11884279799064641,12365.3126619235,Trend Reversal,17127.163521173472,SELL,,1.0
2025-06-02 12:00:00,SELL,104200.32,0.03255707506970018,3392.4576405267812,Trend Reversal,17134.009908390195,SELL,,1.0
2025-06-02 13:00:00,SELL,103800.0,0.008919035524369918,925.7958874295974,Trend Reversal,17129.0922414961,SELL,,1.0
2025-06-02 14:00:00,SELL,104176.62,0.002443376578352593,254.5427133199383,Trend Reversal,17130.35968237861,SELL,,1.0
2025-06-02 15:00:00,BUY,104438.79,0.11842106197798766,12367.752423496036,Markov Aggressive: FLAT-NEUTRAL→FLAT-NEUTRAL (93%),17130.601384153422,BUY,0.7260492379835873,1.0
2025-06-02 16:00:00,SELL,104286.06,0.08664888668585785,9036.270995854573,Trend Reversal,17112.374129345902,SELL,,1.0
2025-06-02 17:00:00,SELL,104399.89,0.023737528535464552,2478.19536797436,Trend Reversal,17116.095699085025,SELL,,1.0
2025-06-02 18:00:00,SELL,104361.54,0.006502914030676855,678.6541227290438,Trend Reversal,17115.75221445612,SELL,,1.0
2025-06-02 19:00:00,SELL,104425.63,0.0017814782540311461,186.03198900850248,Trend Reversal,17115.9094695503,SELL,,1.0
2025-06-02 20:00:00,BUY,104878.62,0.11800335876477737,12376.029422614754,Markov Aggressive: FLAT-NEUTRAL→FLAT-NEUTRAL (93%),17116.21396133458,BUY,0.7260492379835873,1.0
2025-06-02 21:00:00,BUY,104942.0,0.03230758601001368,3390.4226910628554,Markov Aggressive: FLAT-NEUTRAL→FLAT-NEUTRAL (93%),17123.735617116658,BUY,0.7260492379835873,1.0
2025-06-02 22:00:00,BUY,105695.49,0.007435655068754201,785.915205962959,Markov Aggressive: FLAT-NEUTRAL→FLAT-NEUTRAL (93%),17237.49989341016,BUY,0.6143493552168817,1.0
2025-06-02 23:00:00,BUY,105857.99,0.002863163242797944,303.0887059244723,Markov Aggressive: FLAT-NEUTRAL→FLAT-NEUTRAL (93%),17263.242945481295,BUY,0.6143493552168817,1.0
2025-06-03 00:00:00,SELL,106285.72,0.09908345905342204,10531.15678558348,Markov Exit: FLAT-OVERBOUGHT→FLAT-OVERBOUGHT (74%),17332.22807190982,SELL,,1.0
2025-06-03 01:00:00,SELL,106481.75,0.03821159987129392,4068.838024595151,Markov Exit: FLAT-OVERBOUGHT→FLAT-OVERBOUGHT (74%),17344.42084115286,SELL,,1.0
2025-06-03 02:00:00,BUY,105612.46,0.08603514919233313,9086.383752669315,Markov Aggressive: FLAT-NEUTRAL→FLAT-NEUTRAL (93%),17323.569280766093,BUY,0.6143493552168817,1.0
2025-06-03 03:00:00,BUY,105482.02,0.033220540836853246,3504.169752963771,Markov Aggressive: FLAT-NEUTRAL→FLAT-NEUTRAL (93%),17309.218006457217,BUY,0.6143493552168817,1.0
2025-06-03 04:00:00,BUY,105166.92,0.012849908741836108,1351.3853246599786,Markov Aggressive: FLAT-NEUTRAL→FLAT-NEUTRAL (93%),17264.082270657687,BUY,0.6143493552168817,1.0
2025-06-03 05:00:00,BUY,105452.08,0.004942174889348454,521.1626218055643,Markov Aggressive: FLAT-NEUTRAL→FLAT-NEUTRAL (93%),17308.593603698915,BUY,0.6143493552168817,1.0
2025-06-03 06:00:00,BUY,105429.67,0.0019063580597015648,200.98670113617626,Markov Aggressive: FLAT-NEUTRAL→FLAT-NEUTRAL (93%),17304.98481696933,BUY,0.6143493552168817,1.0
2025-06-03 07:00:00,BUY,105170.75,0.0007369981756904677,77.51065088599826,Markov Aggressive: FLAT-NEUTRAL→FLAT-NEUTRAL (93%),17262.79612858505,BUY,0.6143493552168817,1.0
2025-06-04 07:00:00,SELL,105320.75,0.10055548370953868,10590.578960901395,Trend Reversal,17287.34783101356,SELL,,1.0
2025-06-04 08:00:00,SELL,105435.93,0.03877928712906193,4088.7302031896743,Trend Reversal,17294.618284304666,SELL,,1.0
2025-06-04 09:00:00,BUY,105825.31,0.0855004927694552,9048.116152480356,Markov Aggressive: FLAT-NEUTRAL→FLAT-NEUTRAL (93%),17304.097057179613,BUY,0.6143493552168817,1.0
2025-06-04 10:00:00,BUY,105705.13,0.03301080873063206,3489.4118282765967,Markov Aggressive: FLAT-NEUTRAL→FLAT-NEUTRAL (93%),17290.896036732243,BUY,0.6143493552168817,1.0
2025-06-04 11:00:00,SELL,105084.36,0.0877625987480445,9222.476521375058,Trend Reversal,17202.216219683214,SELL,,1.0
2025-06-04 12:00:00,SELL,105039.19,0.03384570279502545,3555.1252065702092,Trend Reversal,17199.72771638738,SELL,,1.0
2025-06-04 13:00:00,SELL,104761.17,0.013052617106039353,1367.4074395906966,Trend Reversal,17193.82083526672,SELL,,1.0
2025-06-04 14:00:00,SELL,105033.3,0.005033750203051236,528.7113952021414,Trend Reversal,17196.05056730945,SELL,,1.0
2025-06-04 15:00:00,BUY,105298.27,0.09839178447888616,10360.484687839566,Markov Aggressive: FLAT-NEUTRAL→FLAT-NEUTRAL (93%),17196.887840182942,BUY,0.6143493552168817,1.0
2025-06-04 16:00:00,BUY,105445.89,0.03789173385639736,3995.527600130952,Markov Aggressive: FLAT-NEUTRAL→FLAT-NEUTRAL (93%),17211.878896597984,BUY,0.6143493552168817,1.0
2025-06-04 17:00:00,SELL,105051.1,0.08566696062745337,8999.408447570668,Trend Reversal,17156.828038159023,SELL,,1.0
2025-06-04 18:00:00,SELL,104951.54,0.0330375186025874,3467.3384551201952,Trend Reversal,17151.474056220013,SELL,,1.0
2025-06-04 19:00:00,SELL,104913.52,0.012740940351122096,1336.696900346255,Trend Reversal,17150.685562591698,SELL,,1.0
2025-06-04 20:00:00,SELL,104609.87,0.004913551861553486,514.0060214753681,Trend Reversal,17148.256976950495,SELL,,1.0
2025-06-04 21:00:00,SELL,104930.61,0.0018949144435833933,198.83452846301603,Trend Reversal,17149.24627539034,SELL,,1.0
2025-06-04 22:00:00,SELL,104775.36,0.0007307749769767795,76.56721129173378,Trend Reversal,17149.06160389323,SELL,,1.0
2025-06-04 23:00:00,BUY,104696.86,0.1185915809950507,12416.166152617483,Markov Aggressive: FLAT-NEUTRAL→FLAT-NEUTRAL (93%),17149.02559315873,BUY,0.7260492379835873,1.0
2025-06-05 00:00:00,BUY,104976.74,0.032401636579988576,3401.41817883195,Markov Aggressive: FLAT-NEUTRAL→FLAT-NEUTRAL (93%),17182.345395731358,BUY,0.7260492379835873,1.0
2025-06-05 01:00:00,SELL,104774.92,0.10996157510048474,11521.21523422728,Trend Reversal,17151.779362567526,SELL,,1.0
2025-06-05 02:00:00,BUY,104989.48,0.08854973511139502,9296.790643483106,Markov Aggressive: FLAT-NEUTRAL→FLAT-NEUTRAL (93%),17160.68153805961,BUY,0.7260492379835873,1.0
2025-06-05 03:00:00,BUY,105047.15,0.024244949825761603,2546.862881089253,Markov Aggressive: FLAT-NEUTRAL→FLAT-NEUTRAL (93%),17168.180951379625,BUY,0.7260492379835873,1.0
2025-06-05 04:00:00,BUY,105173.71,0.006633929971907591,697.7150270257172,Markov Aggressive: FLAT-NEUTRAL→FLAT-NEUTRAL (93%),17187.707268938113,BUY,0.7260492379835873,1.0
2025-06-05 05:00:00,SELL,104649.23,0.11683511213946417,12226.704522358577,Trend Reversal,17103.308475565515,SELL,,1.0
2025-06-05 06:00:00,SELL,104452.93,0.03200706800087923,3343.2320334010774,Trend Reversal,17094.654809781052,SELL,,1.0
2025-06-05 07:00:00,SELL,104518.05,0.008768360668752005,916.4519587946555,Trend Reversal,17095.441251825032,SELL,,1.0
2025-06-05 08:00:00,SELL,104675.36,0.0024020990868393534,251.4405866705806,Trend Reversal,17095.96170441638,SELL,,1.0
2025-06-05 09:00:00,BUY,104900.0,0.11767042543153329,12343.627627767843,Markov Aggressive: FLAT-NEUTRAL→FLAT-NEUTRAL (93%),17096.165307545103,BUY,0.7260492379835873,1.0
2025-06-05 10:00:00,SELL,104659.24,0.08609257959304785,9010.383949847897,Trend Reversal,17067.61676237978,SELL,,1.0
2025-06-05 11:00:00,BUY,104827.8,0.09466504682346148,9923.528595400456,Markov Aggressive: FLAT-NEUTRAL→FLAT-NEUTRAL (93%),17073.092298929096,BUY,0.7260492379835873,1.0
2025-06-05 12:00:00,BUY,105649.59,0.025731838813587603,2718.5582206016165,Markov Aggressive: FLAT-NEUTRAL→FLAT-NEUTRAL (93%),17177.582277487993,BUY,0.7260492379835873,1.0
2025-06-05 13:00:00,SELL,104527.0,0.1109991948558507,11602.412840697507,Trend Reversal,17005.959500912548,SELL,,1.0
2025-06-05 14:00:00,SELL,104639.2,0.030408314013968568,3181.90165177046,Trend Reversal,17010.658648923283,SELL,,1.0
2025-06-05 15:00:00,SELL,104531.49,0.008330380795761047,870.7871168482881,Trend Reversal,17009.4228300992,SELL,,1.0
2025-06-05 16:00:00,SELL,103262.53,0.0022821141668856295,235.65688262145233,Trend Reversal,17005.434241665098,SELL,,1.0
2025-06-05 17:00:00,BUY,103240.04,0.1189676426914634,12282.224190172388,Markov Aggressive: FLAT-NEUTRAL→FLAT-NEUTRAL (93%),17005.414875962357,BUY,0.7260492379835873,1.0
2025-06-05 18:00:00,SELL,103006.05,0.08700155323586747,8961.686342691428,Trend Reversal,16977.376152998884,SELL,,1.0
2025-06-05 19:00:00,SELL,101914.77,0.023834141805577382,2429.0510802628037,Trend Reversal,16941.55251885828,SELL,,1.0
2025-06-05 20:00:00,SELL,100483.91,0.00652938130964516,656.0977638740665,Trend Reversal,16928.684754453392,SELL,,1.0
2025-06-05 21:00:00,SELL,101542.82,0.001788728985273014,181.63258538036033,Trend Reversal,16931.293534837292,SELL,,1.0
2025-06-05 22:00:00,BUY,101502.61,0.12061950312285658,12243.194383873093,Markov Aggressive: FLAT-NEUTRAL→FLAT-NEUTRAL (93%),16931.26639638623,BUY,0.7260492379835873,1.0
2025-06-05 23:00:00,SELL,101508.68,0.08806572199686533,8939.435193148764,Trend Reversal,16932.002653522188,SELL,,1.0
2025-06-06 00:00:00,SELL,101900.77,0.024125671648566816,2458.424517756128,Trend Reversal,16945.03129414573,SELL,,1.0
2025-06-06 01:00:00,SELL,101841.2,0.006609246132282642,673.093557207023,Trend Reversal,16944.48902680145,SELL,,1.0
2025-06-06 02:00:00,SELL,102203.52,0.0018106080142928581,185.05051240094042,Trend Reversal,16945.392573642926,SELL,,1.0
2025-06-06 03:00:00,BUY,102493.3,0.11954434715774027,12252.494636542422,Markov Aggressive: FLAT-NEUTRAL→FLAT-NEUTRAL (93%),16945.59054359835,BUY,0.7260492379835873,1.0
2025-06-06 04:00:00,BUY,102777.0,0.032658865721735465,3356.5802422828056,Markov Aggressive: FLAT-NEUTRAL→FLAT-NEUTRAL (93%),16979.699091148832,BUY,0.7260492379835873,1.0
2025-06-06 05:00:00,BUY,102954.24,0.008931518654720867,919.5377151426094,Markov Aggressive: FLAT-NEUTRAL→FLAT-NEUTRAL (93%),17006.79667423317,BUY,0.7260492379835873,1.0
2025-06-06 06:00:00,BUY,103160.0,0.0024419160310793805,251.9080577661489,Markov Aggressive: FLAT-NEUTRAL→FLAT-NEUTRAL (93%),17040.092326329403,BUY,0.7260492379835873,1.0
2025-06-09 07:00:00,SELL,105560.71,0.11926071776190701,12589.246042056517,Trend Reversal,17434.43252085029,SELL,,1.0
2025-06-09 08:00:00,BUY,105926.39,0.09563589573860444,10130.365190006753,Markov Aggressive: FLAT-NEUTRAL→FLAT-NEUTRAL (93%),17450.887792868773,BUY,0.7986541617819461,1.0
2025-06-09 09:00:00,BUY,106612.52,0.01913196377533242,2039.7068706369034,Markov Aggressive: FLAT-NEUTRAL→FLAT-NEUTRAL (93%),17547.381684616044,BUY,0.7986541617819461,1.0
2025-06-09 10:00:00,BUY,106585.54,0.003853116375706413,410.6864895875109,Markov Aggressive: FLAT-NEUTRAL→FLAT-NEUTRAL (93%),17543.071171964944,BUY,0.7986541617819461,1.0
