timestamp,signal,price,btc_amount,usd_amount,reason,portfolio_value,position_type,position_size_pct,market_regime,portfolio_heat,entry_price,entry_reason
2025-03-26 19:00:00,BUY,86567.19,0.008046418273221466,696.5558194774346,Markov: FLAT-NEUTRAL→FLAT-NEUTRAL (93%),8455.55056802045,BUY,0.13931116389548692,SIDEWAYS,0.0,,
2025-03-27 11:00:00,BUY,86943.52,0.006895485914854361,599.5178175478585,Markov: FLAT-NEUTRAL→FLAT-NEUTRAL (93%),8473.600850082361,BUY,0.13931116389548692,SIDEWAYS,0.00528954083988649,,
2025-03-27 12:00:00,BUY,86761.05,0.005947349560767004,515.9982926091841,Markov: FLAT-NEUTRAL→FLAT-NEUTRAL (93%),8463.590644564312,BUY,0.13931116389548692,SIDEWAYS,0.009223753939850374,,
2025-03-27 13:00:00,BUY,86383.83,0.005141170169205448,444.11396989771464,Markov: FLAT-NEUTRAL→FLAT-NEUTRAL (93%),8440.653100168074,BUY,0.13931116389548692,SIDEWAYS,0.011983211442308803,,
2025-03-27 15:00:00,BUY,86974.07,0.004394918345766948,382.2439358490188,Markov: FLAT-NEUTRAL→FLAT-NEUTRAL (93%),8479.578235244664,BUY,0.13931116389548692,SIDEWAYS,0.01688258100181497,,
2025-03-28 04:00:00,BUY,86305.38,0.0038119650044284624,328.99308825390017,Markov: FLAT-NEUTRAL→FLAT-NEUTRAL (93%),8432.540643273323,BUY,0.13931116389548692,SIDEWAYS,0.01728383966539887,,
2025-03-28 11:00:00,BUY,85255.26,0.0033213279534386347,283.1606782156787,Markov: FLAT-NEUTRAL→FLAT-NEUTRAL (93%),8354.669139308193,BUY,0.13931116389548692,STEADY_BEAR,0.015504262643694255,,
2025-03-29 17:00:00,BUY,82332.63,0.0029601050587600205,243.71323456401703,Markov: FLAT-NEUTRAL→FLAT-NEUTRAL (93%),8128.234901480599,BUY,0.13931116389548692,STEADY_BEAR,0.004521600534121171,,
2025-03-29 20:00:00,STOP_LOSS,82511.17,0.008046418273221466,663.9193860328828,Time-based exit after 73h,8142.595997639969,STOP_LOSS,,,,86567.19,Markov: FLAT-NEUTRAL→FLAT-NEUTRAL (93%)
2025-03-30 12:00:00,STOP_LOSS,83072.76,0.006895485914854361,572.8270464880768,Time-based exit after 73h,8183.249428668454,STOP_LOSS,,,,86943.52,Markov: FLAT-NEUTRAL→FLAT-NEUTRAL (93%)
2025-03-30 13:00:00,STOP_LOSS,82678.42,0.005947349560767004,491.7174648719099,Time-based exit after 73h,8157.42237048509,STOP_LOSS,,,,86761.05,Markov: FLAT-NEUTRAL→FLAT-NEUTRAL (93%)
2025-03-30 13:00:00,BUY,82678.42,0.005449494287594033,450.5555774973002,Markov: FLAT-NEUTRAL→FLAT-NEUTRAL (93%),8157.422370485091,BUY,0.13931116389548692,SIDEWAYS,0.00592375717414539,,
2025-03-30 14:00:00,STOP_LOSS,82803.28,0.005141170169205448,425.7057530483661,Time-based exit after 73h,8165.537837947475,STOP_LOSS,,,,86383.83,Markov: FLAT-NEUTRAL→FLAT-NEUTRAL (93%)
2025-03-30 14:00:00,BUY,82803.28,0.0053994687110307795,447.0937195307207,Markov: FLAT-NEUTRAL→FLAT-NEUTRAL (93%),8165.537837947475,BUY,0.13931116389548692,SIDEWAYS,0.008794058283782451,,
2025-03-30 16:00:00,STOP_LOSS,82284.01,0.004394918345766948,361.631505112271,Time-based exit after 73h,8131.652960108829,STOP_LOSS,,,,86974.07,Markov: FLAT-NEUTRAL→FLAT-NEUTRAL (93%)
2025-03-30 16:00:00,BUY,82284.01,0.005288851126373166,435.1878789710008,Markov: FLAT-NEUTRAL→FLAT-NEUTRAL (93%),8131.652960108829,BUY,0.13931116389548692,SIDEWAYS,0.009498478208278049,,
2025-03-30 22:00:00,BUY,82438.0,0.004543552112355254,374.5613490383424,Markov: FLAT-NEUTRAL→FLAT-NEUTRAL (93%),8141.839208760968,BUY,0.13931116389548692,SIDEWAYS,0.01290454618749691,,
2025-03-30 23:00:00,BUY,82389.99,0.003912863341208649,322.3807715535472,Markov: FLAT-NEUTRAL→FLAT-NEUTRAL (93%),8138.445270513585,BUY,0.13931116389548692,SIDEWAYS,0.015489804310392692,,
2025-03-31 00:00:00,BUY,81646.89,0.002888647704686153,235.84910139326283,Markov: FLAT-NEUTRAL→FLAT-NEUTRAL (93%),8083.006159327099,BUY,0.11841448931116388,SIDEWAYS,0.014800111802498383,,
2025-03-31 01:00:00,BUY,81953.03,0.0025370770366548094,207.9211504972827,Markov: FLAT-NEUTRAL→FLAT-NEUTRAL (93%),8106.730120535102,BUY,0.11841448931116388,STEADY_BEAR,0.017921398603637482,,
2025-03-31 02:00:00,BUY,81922.3,0.0022374893483722664,183.30027364415733,Markov: FLAT-NEUTRAL→FLAT-NEUTRAL (93%),8104.270770752651,BUY,0.11841448931116388,SIDEWAYS,0.019314079206193966,,
2025-03-31 05:00:00,STOP_LOSS,82166.99,0.0038119650044284624,313.21769039922344,Time-based exit after 73h,8124.401024737481,STOP_LOSS,,,,86305.38,Markov: FLAT-NEUTRAL→FLAT-NEUTRAL (93%)
2025-03-31 07:00:00,BUY,81933.51,0.00285287823378097,233.74632729627544,Markov: FLAT-NEUTRAL→FLAT-NEUTRAL (93%),8106.083017068722,BUY,0.13931116389548692,SIDEWAYS,0.020345847276680384,,
2025-03-31 08:00:00,BUY,81899.15,0.0024564706029834974,201.18285438433588,Markov: FLAT-NEUTRAL→FLAT-NEUTRAL (93%),8103.289229180069,BUY,0.13931116389548692,SIDEWAYS,0.021908101882506612,,
2025-03-31 09:00:00,BUY,81455.58,0.0021257701041995872,173.1558367842378,Markov: FLAT-NEUTRAL→FLAT-NEUTRAL (93%),8066.133241916038,BUY,0.13931116389548692,SIDEWAYS,0.021094233728062895,,
2025-03-31 11:00:00,BUY,82205.51,0.001812935600381637,149.03329562652866,Markov: FLAT-NEUTRAL→FLAT-NEUTRAL (93%),8130.545892473573,BUY,0.13931116389548692,SIDEWAYS,0.026445398805159302,,
2025-03-31 12:00:00,STOP_LOSS,82768.74,0.0033213279534386347,274.9021298328945,Time-based exit after 73h,8179.943690248289,STOP_LOSS,,,,85255.26,Markov: FLAT-NEUTRAL→FLAT-NEUTRAL (93%)
2025-03-31 12:00:00,BUY,82768.74,0.002012453366065323,166.56822941798555,Markov: FLAT-NEUTRAL→FLAT-NEUTRAL (93%),8179.94369024829,BUY,0.13931116389548692,SIDEWAYS,0.03066922819271341,,
2025-03-31 13:00:00,BUY,82507.99,0.0014769345754670812,121.85890318329218,Markov: FLAT-NEUTRAL→FLAT-NEUTRAL (93%),8157.416034514607,BUY,0.11841448931116388,SIDEWAYS,0.029423092657250204,,
2025-03-31 15:00:00,SELL,83418.78,0.010405382683918524,868.0043289256089,Technical: RSI overbought (61.8) or above BB upper,8237.449470877133,SELL,,SIDEWAYS,0.03532705960639408,,
2025-04-01 08:00:00,SELL,84121.94,0.009173234607315084,771.6702912424831,Technical: RSI overbought (67.3) or above BB upper,8291.921281582072,SELL,,SIDEWAYS,0.031037266152737143,,
2025-04-01 09:00:00,SELL,84362.0,0.008086990715958373,682.2347107796803,Technical: RSI overbought (69.4) or above BB upper,8308.31592215829,SELL,,SIDEWAYS,0.024524003942023545,,
2025-04-01 10:00:00,BUY,84175.99,0.005344219904397787,449.85500123038906,Markov: FLAT-NEUTRAL→FLAT-NEUTRAL (93%),8297.116829583201,BUY,0.13931116389548692,SIDEWAYS,0.01737470060503964,,
2025-04-01 11:00:00,BUY,83930.3,0.00461317518732541,387.1851774247779,Markov: FLAT-NEUTRAL→FLAT-NEUTRAL (93%),8281.011565547864,BUY,0.13931116389548692,SIDEWAYS,0.019907386871832317,,
2025-04-01 14:00:00,BUY,84195.92,0.003957982283638584,333.24595971465146,Markov: FLAT-NEUTRAL→FLAT-NEUTRAL (93%),8299.648615757535,BUY,0.13931116389548692,SIDEWAYS,0.023629742643464378,,
2025-04-01 15:00:00,SELL,85280.87,0.010326066053811327,880.6158967464968,Technical: RSI overbought (71.7) or above BB upper,8380.067622043975,SELL,,SIDEWAYS,0.03021739021860571,,
2025-04-01 16:00:00,SELL,85119.99,0.008887529773393193,756.5064454359309,Technical: RSI overbought (69.1) or above BB upper,8369.80408142051,SELL,,STEADY_BULL,0.01943780872188441,,
2025-04-02 12:00:00,BUY,85049.99,0.006053974799198382,514.8904961320744,Markov: FLAT-NEUTRAL→FLAT-NEUTRAL (93%),8365.96047103795,BUY,0.13931116389548692,SIDEWAYS,0.010865936689292,,
2025-04-02 13:00:00,BUY,85215.82,0.006760583332864103,576.1086523883475,Markov: FLAT-NEUTRAL→FLAT-NEUTRAL (93%),8376.069914675189,BUY,0.181104513064133,STEADY_BULL,0.014956212611128096,,
2025-04-02 14:00:00,SELL,85877.75,0.012264991264096995,1053.2898535303057,Technical: RSI overbought (67.1) or above BB upper,8420.897984004243,SELL,,SIDEWAYS,0.021160939749213632,,
2025-04-02 17:00:00,BUY,86615.33,0.00650172519396788,563.1490732448419,Markov: FLAT-NEUTRAL→FLAT-NEUTRAL (93%),8461.80290704857,BUY,0.15393883610451303,STEADY_BULL,0.012311477767453678,,
2025-04-03 15:00:00,BUY,82039.31,0.005255824525059015,431.18421751691926,Markov: FLAT-NEUTRAL→FLAT-NEUTRAL (93%),8178.272653792907,BUY,0.13931116389548692,STEADY_BEAR,0.004580416423272311,,
2025-04-04 07:00:00,SELL,83992.85,0.009363916392437357,786.5020249625321,Technical: RSI overbought (60.3) or above BB upper,8309.58147871239,SELL,,SIDEWAYS,0.014020608054905827,,
2025-04-04 11:00:00,BUY,82680.45,0.005813755909951628,480.6839548249601,Markov: FLAT-NEUTRAL→FLAT-NEUTRAL (93%),8233.656618976005,BUY,0.13931116389548692,SIDEWAYS,0.0064569667432166356,,
2025-04-04 15:00:00,BUY,82860.0,0.004244043164018198,351.6614165705479,Markov: FLAT-NEUTRAL→FLAT-NEUTRAL (93%),8245.087791075839,BUY,0.11841448931116388,STEADY_BEAR,0.010461419144993675,,
2025-04-05 13:00:00,BUY,82755.29,0.00528878266087155,437.6747428473967,Markov: FLAT-NEUTRAL→FLAT-NEUTRAL (93%),8237.976964397316,BUY,0.1671733966745843,SIDEWAYS,0.012676921947821313,,
2025-04-05 14:00:00,STOP_LOSS,82914.67,0.006098062326593845,505.6188254489609,Time-based exit after 73h,8249.643341595118,STOP_LOSS,,,,85215.82,Markov: FLAT-NEUTRAL→FLAT-NEUTRAL (93%)
2025-04-05 15:00:00,BUY,82618.26,0.005435035619484587,449.0331859198387,Markov: FLAT-NEUTRAL→FLAT-NEUTRAL (93%),8229.754100366294,BUY,0.1671733966745843,SIDEWAYS,0.01346382619385301,,
2025-04-05 18:00:00,STOP_LOSS,83036.13,0.00650172519396788,539.8780984305921,Time-based exit after 73h,8260.06449929333,STOP_LOSS,,,,86615.33,Markov: FLAT-NEUTRAL→FLAT-NEUTRAL (93%)
2025-04-05 23:00:00,BUY,83537.99,0.00463082762819314,386.8500320957223,Markov: FLAT-NEUTRAL→FLAT-NEUTRAL (93%),8293.204196957518,BUY,0.13931116389548692,SIDEWAYS,0.018556433565595613,,
2025-04-06 08:00:00,BUY,83034.26,0.004009881028282312,332.9575038714608,Markov: FLAT-NEUTRAL→FLAT-NEUTRAL (93%),8257.608329380093,BUY,0.13931116389548692,SIDEWAYS,0.019576463402640847,,
2025-04-06 12:00:00,BUY,82697.99,0.003465293491164555,286.5728064793915,Markov: FLAT-NEUTRAL→FLAT-NEUTRAL (93%),8232.49754924193,BUY,0.13931116389548692,SIDEWAYS,0.020646346359458948,,
2025-04-06 13:00:00,BUY,82306.01,0.002996743679689385,246.65001526795132,Markov: FLAT-NEUTRAL→FLAT-NEUTRAL (93%),8201.868329281648,BUY,0.13931116389548692,SIDEWAYS,0.020996910714754048,,
2025-04-06 14:00:00,BUY,82667.07,0.002567998533952315,212.2889145661334,Markov: FLAT-NEUTRAL→FLAT-NEUTRAL (93%),8231.163472385342,BUY,0.13931116389548692,SIDEWAYS,0.024524719351134424,,
2025-04-06 15:00:00,BUY,82548.36,0.0022134261516015066,182.71469879581576,Markov: FLAT-NEUTRAL→FLAT-NEUTRAL (93%),8221.226911885926,BUY,0.13931116389548692,SIDEWAYS,0.02547256175062299,,
2025-04-06 16:00:00,STOP_LOSS,81970.0,0.005255824525059015,430.81993631908745,Time-based exit after 73h,8171.535423505797,STOP_LOSS,,,,82039.31,Markov: FLAT-NEUTRAL→FLAT-NEUTRAL (93%)
2025-04-06 16:00:00,BUY,81970.0,0.002650707920016457,217.27852820374898,Markov: FLAT-NEUTRAL→FLAT-NEUTRAL (93%),8171.535423505797,BUY,0.13931116389548692,SIDEWAYS,0.023718843316266384,,
2025-04-06 22:00:00,STOP_LOSS,78063.66,0.00463082762819314,361.49935348587576,Stop loss hit at $78063.66,7846.087285950971,STOP_LOSS,,,,83537.99,Markov: FLAT-NEUTRAL→FLAT-NEUTRAL (93%)
2025-04-07 03:00:00,STOP_LOSS,77707.77,0.005813755909951628,451.77400708666187,Stop loss hit at $77707.77,7818.085157491389,STOP_LOSS,,,,82680.45,Markov: FLAT-NEUTRAL→FLAT-NEUTRAL (93%)
2025-04-07 03:00:00,STOP_LOSS,77707.77,0.004244043164018198,329.7951300595984,Stop loss hit at $77707.77,7818.085157491389,STOP_LOSS,,,,82860.0,Markov: FLAT-NEUTRAL→FLAT-NEUTRAL (93%)
2025-04-07 03:00:00,STOP_LOSS,77707.77,0.00528878266087155,410.97950659099445,Stop loss hit at $77707.77,7818.085157491389,STOP_LOSS,,,,82755.29,Markov: FLAT-NEUTRAL→FLAT-NEUTRAL (93%)
2025-04-07 03:00:00,STOP_LOSS,77707.77,0.004009881028282312,311.5989126731254,Stop loss hit at $77707.77,7818.085157491389,STOP_LOSS,,,,83034.26,Markov: FLAT-NEUTRAL→FLAT-NEUTRAL (93%)
2025-04-07 03:00:00,STOP_LOSS,77707.77,0.003465293491164555,269.2802295939123,Stop loss hit at $77707.77,7818.085157491389,STOP_LOSS,,,,82697.99,Markov: FLAT-NEUTRAL→FLAT-NEUTRAL (93%)
2025-04-07 04:00:00,STOP_LOSS,76989.92,0.005435035619484587,418.4429575412688,Stop loss hit at $76989.92,7777.985898704686,STOP_LOSS,,,,82618.26,Markov: FLAT-NEUTRAL→FLAT-NEUTRAL (93%)
2025-04-07 04:00:00,STOP_LOSS,76989.92,0.002996743679689385,230.7190561597914,Stop loss hit at $76989.92,7777.985898704686,STOP_LOSS,,,,82306.01,Markov: FLAT-NEUTRAL→FLAT-NEUTRAL (93%)
2025-04-07 04:00:00,STOP_LOSS,76989.92,0.002567998533952315,197.710001689106,Stop loss hit at $76989.92,7777.985898704687,STOP_LOSS,,,,82667.07,Markov: FLAT-NEUTRAL→FLAT-NEUTRAL (93%)
2025-04-07 04:00:00,STOP_LOSS,76989.92,0.0022134261516015066,170.41150233770787,Stop loss hit at $76989.92,7777.985898704687,STOP_LOSS,,,,82548.36,Markov: FLAT-NEUTRAL→FLAT-NEUTRAL (93%)
2025-04-07 04:00:00,STOP_LOSS,76989.92,0.002650707920016457,204.07779070543342,Stop loss hit at $76989.92,7777.985898704688,STOP_LOSS,,,,81970.0,Markov: FLAT-NEUTRAL→FLAT-NEUTRAL (93%)
2025-04-07 14:00:00,BUY,79033.11,0.007039973570057862,556.3910055594757,Markov: FLAT-NEUTRAL→FLAT-NEUTRAL (93%),7859.705955042506,BUY,0.11841448931116388,STEADY_BEAR,0.0,,
2025-04-07 15:00:00,BUY,78479.9,0.006250087586488074,490.50624877882535,Markov: FLAT-NEUTRAL→FLAT-NEUTRAL (93%),7833.685013770559,BUY,0.11841448931116388,STEADY_BEAR,0.003764368429805303,,
2025-04-08 13:00:00,BUY,79899.9,0.004584334756430708,366.28788860533786,Markov: FLAT-NEUTRAL→FLAT-NEUTRAL (93%),7909.351657830588,BUY,0.10030403800475059,CHOPPY,0.009835336913726065,,
2025-04-08 19:00:00,BUY,76854.05,0.0035733069619838754,274.62311192165686,Markov: FLAT-NEUTRAL→FLAT-NEUTRAL (93%),7733.086174622404,BUY,0.08358669833729215,CHOPPY,0.0058612670058465184,,
2025-04-09 01:00:00,BUY,76070.53,0.005513924001603356,419.44712118168815,Markov: FLAT-NEUTRAL→FLAT-NEUTRAL (93%),7684.943563300154,BUY,0.13931116389548692,STEADY_BEAR,0.0058553930860708635,,
2025-04-09 03:00:00,STOP_LOSS,75073.33,0.004584334756430708,344.16127599999214,Stop loss hit at $75073.33,7618.173110741151,STOP_LOSS,,,,79899.9,Markov: FLAT-NEUTRAL→FLAT-NEUTRAL (93%)
2025-04-10 15:00:00,STOP_LOSS,78757.0,0.007039973570057862,554.447198457047,Trailing stop hit at $78757.00,7847.936869926625,STOP_LOSS,,,,79033.11,Markov: FLAT-NEUTRAL→FLAT-NEUTRAL (93%)
2025-04-10 15:00:00,STOP_LOSS,78757.0,0.006250087586488074,492.23814804904123,Trailing stop hit at $78757.00,7847.936869926625,STOP_LOSS,,,,78479.9,Markov: FLAT-NEUTRAL→FLAT-NEUTRAL (93%)
2025-04-10 15:00:00,STOP_LOSS,78757.0,0.0035733069619838754,281.4229364049641,Trailing stop hit at $78757.00,7847.936869926625,STOP_LOSS,,,,76854.05,Markov: FLAT-NEUTRAL→FLAT-NEUTRAL (93%)
2025-04-10 15:00:00,STOP_LOSS,78757.0,0.005513924001603356,434.26011259427554,Trailing stop hit at $78757.00,7847.936869926625,STOP_LOSS,,,,76070.53,Markov: FLAT-NEUTRAL→FLAT-NEUTRAL (93%)
2025-04-11 08:00:00,BUY,81631.89,0.010422636561661766,850.8195213115515,Markov: FLAT-NEUTRAL→FLAT-NEUTRAL (93%),7962.921855544718,BUY,0.181104513064133,STEADY_BULL,0.0,,
2025-04-11 09:00:00,SELL,82450.0,0.009131098385902914,752.8590619176953,Technical: RSI overbought (66.3) or above BB upper,8004.170098198094,SELL,,STEADY_BULL,0.007443124489516545,,
2025-04-11 10:00:00,SELL,82706.86,0.007477415258983275,618.4335369865935,Technical: RSI overbought (67.8) or above BB upper,8014.775294341065,SELL,,STEADY_BULL,0.0009624982169996777,,
2025-04-11 11:00:00,BUY,82129.67,0.011507163545062033,945.0795445919748,Markov: FLAT-NEUTRAL→FLAT-NEUTRAL (93%),7995.260251778038,BUY,0.181104513064133,STEADY_BULL,0.0,,
2025-04-11 12:00:00,BUY,82115.52,0.009424788077354593,773.9213738617726,Markov: FLAT-NEUTRAL→FLAT-NEUTRAL (93%),7994.619007817821,BUY,0.181104513064133,STEADY_BULL,0.007072500422604814,,
2025-04-11 13:00:00,BUY,82930.67,0.007642054746435926,633.7607202986114,Markov: FLAT-NEUTRAL→FLAT-NEUTRAL (93%),8039.242260862975,BUY,0.181104513064133,STEADY_BULL,0.014931744213314637,,
2025-04-12 13:00:00,SELL,84458.24,0.011298103119249269,954.2179047903035,Technical: RSI overbought (68.4) or above BB upper,8134.53885557434,SELL,,STEADY_BULL,0.024797268882258982,,
2025-04-12 14:00:00,SELL,84827.75,0.009251965655289268,784.8234296154642,Technical: RSI overbought (71.4) or above BB upper,8153.415766875138,SELL,,STEADY_BULL,0.015467747140775374,,
2025-04-12 20:00:00,SELL,85517.29,0.007576392920402022,647.9125905279666,Technical: RSI overbought (71.0) or above BB upper,8182.262237269191,SELL,,STEADY_BULL,0.0074518905935082895,,
2025-04-13 01:00:00,BUY,85259.77,0.011157336243475698,951.2719219314021,Markov: FLAT-NEUTRAL→FLAT-NEUTRAL (93%),8173.440123420878,BUY,0.181104513064133,STEADY_BULL,0.0003999891147899292,,
2025-04-13 02:00:00,BUY,85302.22,0.00913214549068516,778.9922837184336,Markov: FLAT-NEUTRAL→FLAT-NEUTRAL (93%),8175.368003403986,BUY,0.181104513064133,STEADY_BULL,0.007441650279871388,,
2025-04-13 03:00:00,BUY,85432.31,0.007466885368016969,637.9132654948897,Markov: FLAT-NEUTRAL→FLAT-NEUTRAL (93%),8182.464082114342,BUY,0.181104513064133,STEADY_BULL,0.01347704618956543,,
2025-04-13 04:00:00,BUY,84619.98,0.006173297301302679,522.3842941702867,Markov: FLAT-NEUTRAL→FLAT-NEUTRAL (93%),8132.0879711960315,BUY,0.181104513064133,STEADY_BULL,0.01544982778110049,,
2025-04-13 19:00:00,BUY,83981.31,0.003918254054587824,329.060108417097,Markov: FLAT-NEUTRAL→FLAT-NEUTRAL (93%),8088.538571224943,BUY,0.13931116389548692,SIDEWAYS,0.01669358722784056,,
2025-04-14 00:00:00,BUY,84325.74,0.0028548294680087677,240.7356074636457,Markov: FLAT-NEUTRAL→FLAT-NEUTRAL (93%),8113.374004277649,BUY,0.11841448931116388,SIDEWAYS,0.02070167564905994,,
2025-04-14 03:00:00,BUY,84566.03,0.0025096250048255225,212.2290234468253,Markov: FLAT-NEUTRAL→FLAT-NEUTRAL (93%),8131.386316507418,BUY,0.11841448931116388,SIDEWAYS,0.02364819107442601,,
2025-04-14 04:00:00,BUY,84869.31,0.0022045428673611515,187.09803201836243,Markov: FLAT-NEUTRAL→FLAT-NEUTRAL (93%),8154.88152377666,BUY,0.11841448931116388,SIDEWAYS,0.02676525684577386,,
2025-04-14 13:00:00,BUY,84376.66,0.0022998123791967543,194.05048718327564,Markov: FLAT-NEUTRAL→FLAT-NEUTRAL (93%),8115.629688583251,BUY,0.13931116389548692,SIDEWAYS,0.025493801706019066,,
2025-04-14 14:00:00,STOP_LOSS,85423.6,0.0004475446739119924,38.23087720638848,Time-based exit after 73h,8201.452284841387,STOP_LOSS,,,,82930.67,Markov: FLAT-NEUTRAL→FLAT-NEUTRAL (93%)
2025-04-15 13:00:00,BUY,85589.44,0.0020136020981052646,172.34307595965464,Markov: FLAT-NEUTRAL→FLAT-NEUTRAL (93%),8214.97274888896,BUY,0.13931116389548692,SIDEWAYS,0.03329738628341736,,
2025-04-16 02:00:00,STOP_LOSS,83900.0,0.011157336243475698,936.1005108276111,Time-based exit after 73h,8073.83564546943,STOP_LOSS,,,,85259.77,Markov: FLAT-NEUTRAL→FLAT-NEUTRAL (93%)
2025-04-16 03:00:00,STOP_LOSS,83695.66,0.00913214549068516,764.3209440589184,Time-based exit after 73h,8059.044816435851,STOP_LOSS,,,,85302.22,Markov: FLAT-NEUTRAL→FLAT-NEUTRAL (93%)
2025-04-16 04:00:00,STOP_LOSS,83587.99,0.007466885368016969,624.1419394729487,Time-based exit after 73h,8052.2345511873755,STOP_LOSS,,,,85432.31,Markov: FLAT-NEUTRAL→FLAT-NEUTRAL (93%)
2025-04-16 05:00:00,STOP_LOSS,83363.0,0.006173297301302679,514.6245829284952,Time-based exit after 73h,8039.683620383571,STOP_LOSS,,,,84619.98,Markov: FLAT-NEUTRAL→FLAT-NEUTRAL (93%)
2025-04-16 08:00:00,BUY,83736.79,0.006494927057658262,543.8643430924477,Markov: FLAT-NEUTRAL→FLAT-NEUTRAL (93%),8058.22775221483,BUY,0.13931116389548692,SIDEWAYS,0.0084028011683875,,
2025-04-16 13:00:00,BUY,83736.37,0.005590139248393314,468.0979684549844,Markov: FLAT-NEUTRAL→FLAT-NEUTRAL (93%),8058.204187684856,BUY,0.13931116389548692,SIDEWAYS,0.012451183870631856,,
2025-04-16 14:00:00,SELL,84605.31,0.00859496427468084,727.1796168982977,Technical: RSI overbought (57.1) or above BB upper,8111.814451557494,SELL,,SIDEWAYS,0.018818365378761796,,
2025-04-16 15:00:00,SELL,84846.58,0.007397589797934924,627.6601945976694,Technical: RSI overbought (59.8) or above BB upper,8124.6261777726795,SELL,,SIDEWAYS,0.013607862615908548,,
2025-04-16 18:00:00,BUY,84029.97,0.005984607107217519,502.88635568127495,Markov: FLAT-NEUTRAL→FLAT-NEUTRAL (93%),8087.304153690795,BUY,0.11841448931116388,SIDEWAYS,0.007820015321467423,,
2025-04-17 13:00:00,BUY,84475.14,0.006174281843945268,521.5733231667347,Markov: FLAT-NEUTRAL→FLAT-NEUTRAL (93%),8110.31419682057,BUY,0.13931116389548692,SIDEWAYS,0.012499475965431973,,
2025-04-17 14:00:00,BUY,84087.08,0.005338660070721209,448.9123364595399,Markov: FLAT-NEUTRAL→FLAT-NEUTRAL (93%),8087.860075895867,BUY,0.13931116389548692,SIDEWAYS,0.0152494517048858,,
2025-04-17 15:00:00,BUY,84531.71,0.004570756185818541,386.373836380319,Markov: FLAT-NEUTRAL→FLAT-NEUTRAL (93%),8115.961206752505,BUY,0.13931116389548692,SIDEWAYS,0.02012554849049559,,
2025-04-17 16:00:00,SELL,84934.0,0.009441384236849103,801.8945287725418,Technical: RSI overbought (57.4) or above BB upper,8143.225170087788,SELL,,SIDEWAYS,0.024582761981542516,,
2025-04-17 17:00:00,SELL,85108.66,0.00812609401002915,691.6009722276075,Technical: RSI overbought (59.3) or above BB upper,8153.413180438893,SELL,,SIDEWAYS,0.017872958503157184,,
2025-04-17 18:00:00,BUY,84899.71,0.006367610019544431,540.6082440524166,Markov: FLAT-NEUTRAL→FLAT-NEUTRAL (93%),8142.922963561153,BUY,0.13931116389548692,SIDEWAYS,0.01128437173065865,,
2025-04-17 19:00:00,BUY,84849.06,0.005483802417634078,465.29548036197895,Markov: FLAT-NEUTRAL→FLAT-NEUTRAL (93%),8140.057589436192,BUY,0.13931116389548692,SIDEWAYS,0.015131513159542203,,
2025-04-19 02:00:00,SELL,84785.8,0.008645072455996631,732.9793842396392,Technical: RSI overbought (56.7) or above BB upper,8136.131936471462,SELL,,SIDEWAYS,0.01835052742632657,,
2025-04-19 03:00:00,SELL,84883.71,0.007440717350190925,631.595693745575,Technical: RSI overbought (59.5) or above BB upper,8141.361385536318,SELL,,SIDEWAYS,0.012749727238965959,,
2025-04-19 04:00:00,SELL,85021.9,0.006404142355918485,544.4923509706658,Technical: RSI overbought (63.0) or above BB upper,8147.713987922357,SELL,,SIDEWAYS,0.007829732861918237,,
2025-04-19 05:00:00,SELL,85079.99,0.005511973830563095,468.95867838456985,Technical: RSI overbought (64.5) or above BB upper,8150.012371991976,SELL,,SIDEWAYS,0.0037566851435970466,,
2025-04-19 06:00:00,BUY,84921.98,0.008616852906925794,731.7602102248942,Markov: FLAT-NEUTRAL→FLAT-NEUTRAL (93%),8144.631508564817,BUY,0.13931116389548692,SIDEWAYS,0.00015439129760033116,,
2025-04-19 07:00:00,SELL,85217.39,0.005944518148445927,506.5763214181944,Technical: RSI overbought (65.1) or above BB upper,8157.236888185002,SELL,,SIDEWAYS,0.005857438462089996,,
2025-04-19 11:00:00,BUY,85217.4,0.008218856484529228,700.389580584721,Markov: FLAT-NEUTRAL→FLAT-NEUTRAL (93%),8157.2372554477715,BUY,0.13931116389548692,SIDEWAYS,0.0019269472159142876,,
2025-04-19 13:00:00,SELL,85472.54,0.006261358869137816,535.1742463967367,Technical: RSI overbought (68.7) or above BB upper,8168.704556826937,SELL,,SIDEWAYS,0.0074164572966480815,,
2025-04-19 15:00:00,BUY,85191.19,0.00795121232706822,677.373240085611,Markov: FLAT-NEUTRAL→FLAT-NEUTRAL (93%),8157.8208768147215,BUY,0.13931116389548692,SIDEWAYS,0.003038788389798028,,
2025-04-19 16:00:00,BUY,84845.93,0.006871367732284006,583.0075856176275,Markov: FLAT-NEUTRAL→FLAT-NEUTRAL (93%),8141.719681193303,BUY,0.13931116389548692,SIDEWAYS,0.007492824843243422,,
2025-04-20 07:00:00,BUY,84784.01,0.005918428726187145,501.7881203053381,Markov: FLAT-NEUTRAL→FLAT-NEUTRAL (93%),8138.406567706523,BUY,0.13931116389548692,SIDEWAYS,0.011644215883296082,,
2025-04-20 12:00:00,BUY,84365.56,0.0051191912106868355,431.88343323667283,Markov: FLAT-NEUTRAL→FLAT-NEUTRAL (93%),8113.540267056449,BUY,0.13931116389548692,SIDEWAYS,0.014069607175964866,,
2025-04-20 14:00:00,BUY,84626.16,0.004392462679215187,371.7172494852931,Markov: FLAT-NEUTRAL→FLAT-NEUTRAL (93%),8130.360426862629,BUY,0.13931116389548692,SIDEWAYS,0.01821278321243801,,
2025-04-20 15:00:00,BUY,84344.66,0.003793161141671184,319.93288681946785,Markov: FLAT-NEUTRAL→FLAT-NEUTRAL (93%),8110.954819741071,BUY,0.13931116389548692,SIDEWAYS,0.01978701146568435,,
2025-04-20 20:00:00,BUY,85127.58,0.003234705649898713,275.3626639882047,Markov: FLAT-NEUTRAL→FLAT-NEUTRAL (93%),8167.8962770131175,BUY,0.13931116389548692,SIDEWAYS,0.025729773845635535,,
2025-04-21 09:00:00,SELL,87516.05,0.010582675628200236,926.1539694113533,Technical: RSI overbought (75.1) or above BB upper,8349.334738590038,SELL,,SIDEWAYS,0.03920829095674209,,
2025-04-21 13:00:00,BUY,87028.09,0.00357495360945876,311.1213844698018,Markov: FLAT-NEUTRAL→FLAT-NEUTRAL (93%),8317.431119127597,BUY,0.11841448931116388,SIDEWAYS,0.028059318339362392,,
2025-04-21 14:00:00,SELL,88208.37,0.008165458459886329,720.2617810492834,Technical: RSI overbought (74.6) or above BB upper,8398.819193907108,SELL,,SIDEWAYS,0.03494908311798851,,
2025-04-21 15:00:00,SELL,88044.8,0.007198549866367366,633.7948832743415,Technical: RSI overbought (71.2) or above BB upper,8388.875589805186,SELL,,STEADY_BULL,0.026323094964790045,,
2025-04-21 17:00:00,BUY,86847.39,0.005004410990569642,434.62003301828804,Markov: FLAT-NEUTRAL→FLAT-NEUTRAL (93%),8324.70330598339,BUY,0.11841448931116388,SIDEWAYS,0.016452959197561928,,
2025-04-22 12:00:00,SELL,88992.7,0.006938732031912007,617.4964980963357,Technical: RSI overbought (69.6) or above BB upper,8450.4120034745,SELL,,STEADY_BULL,0.025586687119317126,,
2025-04-22 21:00:00,SELL,93039.99,0.0061170856218861315,569.1335850894295,Technical: RSI overbought (82.3) or above BB upper,8659.48793337651,SELL,,STEADY_BULL,0.025607819640284364,,
2025-04-23 15:00:00,BUY,93195.28,0.008593840864365062,800.905405629944,Markov: FLAT-NEUTRAL→FLAT-NEUTRAL (93%),8666.560021224803,BUY,0.181104513064133,STEADY_BULL,0.01616325210544684,,
2025-04-23 21:00:00,STOP_LOSS,93485.5,0.0031513717434852526,294.60756312559056,Time-based exit after 73h,8682.271083253665,STOP_LOSS,,,,85127.58,Markov: FLAT-NEUTRAL→FLAT-NEUTRAL (93%)
2025-04-24 08:00:00,BUY,92017.75,0.007707345391489924,709.2125813977719,Markov: FLAT-NEUTRAL→FLAT-NEUTRAL (93%),8607.439851102252,BUY,0.181104513064133,STEADY_BULL,0.014684007739427256,,
2025-04-24 13:00:00,BUY,92813.83,0.004813365738413136,446.7469093729013,Markov: FLAT-NEUTRAL→FLAT-NEUTRAL (93%),8654.162567792075,BUY,0.13931116389548692,SIDEWAYS,0.02181047278935204,,
2025-04-24 14:00:00,STOP_LOSS,93101.83,0.00357495360945876,332.8347232057159,Time-based exit after 73h,8672.45181984641,STOP_LOSS,,,,87028.09,Markov: FLAT-NEUTRAL→FLAT-NEUTRAL (93%)
2025-04-24 14:00:00,BUY,93101.83,0.0046280257878504785,430.8776701360713,Markov: FLAT-NEUTRAL→FLAT-NEUTRAL (93%),8672.45181984641,BUY,0.13931116389548692,SIDEWAYS,0.025841370398637573,,
2025-04-24 18:00:00,STOP_LOSS,93380.0,0.005004410990569642,467.31189829939314,Time-based exit after 73h,8690.40975725356,STOP_LOSS,,,,86847.39,Markov: FLAT-NEUTRAL→FLAT-NEUTRAL (93%)
2025-04-24 23:00:00,SELL,93980.47,0.008296398941363801,779.6994718168725,Technical: RSI overbought (65.0) or above BB upper,8726.169552326824,SELL,,SIDEWAYS,0.02003416795677098,,
2025-04-25 00:00:00,BUY,93896.28,0.005799742074708842,544.5742057746423,Markov: FLAT-NEUTRAL→FLAT-NEUTRAL (93%),8721.854258359774,BUY,0.13931116389548692,SIDEWAYS,0.013809837477372503,,
2025-04-25 01:00:00,BUY,93678.13,0.005003397691016212,468.70893934071654,Markov: FLAT-NEUTRAL→FLAT-NEUTRAL (93%),8709.407415229425,BUY,0.13931116389548692,SIDEWAYS,0.01699894578925815,,
2025-04-25 07:00:00,BUY,93772.26,0.004302045737971359,403.41255147294214,Markov: FLAT-NEUTRAL→FLAT-NEUTRAL (93%),8715.249099442619,BUY,0.13931116389548692,SIDEWAYS,0.020519481105864885,,
2025-04-25 12:00:00,BUY,94417.29,0.0036774268716799493,347.21267939719854,Markov: FLAT-NEUTRAL→FLAT-NEUTRAL (93%),8758.054448175344,BUY,0.13931116389548692,SIDEWAYS,0.025580310123222857,,
2025-04-25 13:00:00,BUY,94400.01,0.0031656996319291103,298.8420769111043,Markov: FLAT-NEUTRAL→FLAT-NEUTRAL (93%),8756.844170418619,BUY,0.13931116389548692,SIDEWAYS,0.027891380885488336,,
2025-04-25 15:00:00,BUY,95061.22,0.002705730468803932,257.2100393556737,Markov: FLAT-NEUTRAL→FLAT-NEUTRAL (93%),8805.2479966725,BUY,0.13931116389548692,SIDEWAYS,0.03273264218443866,,
2025-04-26 16:00:00,STOP_LOSS,94286.92,0.0002974419230012612,28.044882798666077,Time-based exit after 73h,8746.47037872557,STOP_LOSS,,,,93195.28,Markov: FLAT-NEUTRAL→FLAT-NEUTRAL (93%)
2025-04-26 22:00:00,SELL,94781.86,0.01053376432029208,998.4097750789191,Technical: RSI overbought (58.6) or above BB upper,8783.894380987129,SELL,,SIDEWAYS,0.03298712138179866,,
2025-04-27 00:00:00,SELL,94870.01,0.009066293352631438,860.119341027078,Technical: RSI overbought (59.2) or above BB upper,8789.631134142346,SELL,,SIDEWAYS,0.02359060603435707,,
2025-04-27 01:00:00,BUY,94117.6,0.005144613005110654,484.19862896980254,Markov: FLAT-NEUTRAL→FLAT-NEUTRAL (93%),8747.486278041584,BUY,0.13931116389548692,SIDEWAYS,0.014319968176161442,,
2025-04-27 05:00:00,BUY,93923.88,0.004437043640141573,416.7443544114203,Markov: FLAT-NEUTRAL→FLAT-NEUTRAL (93%),8735.638795700666,BUY,0.13931116389548692,SIDEWAYS,0.017058617081484966,,
2025-04-27 22:00:00,BUY,93939.57,0.0038182760827145793,358.68721335149206,Markov: FLAT-NEUTRAL→FLAT-NEUTRAL (93%),8736.667978256744,BUY,0.13931116389548692,SIDEWAYS,0.01997572481564027,,
2025-04-28 01:00:00,STOP_LOSS,92949.99,0.0033484213195388622,311.23572816692405,Time-based exit after 73h,8667.978177339715,STOP_LOSS,,,,93896.28,Markov: FLAT-NEUTRAL→FLAT-NEUTRAL (93%)
2025-04-28 02:00:00,STOP_LOSS,93621.64,0.005003397691016212,468.426297405151,Time-based exit after 73h,8712.350508879017,STOP_LOSS,,,,93678.13,Markov: FLAT-NEUTRAL→FLAT-NEUTRAL (93%)
2025-04-28 02:00:00,BUY,93621.64,0.004457662826806126,417.33370441262554,Markov: FLAT-NEUTRAL→FLAT-NEUTRAL (93%),8712.350508879017,BUY,0.13931116389548692,SIDEWAYS,0.019142791388616326,,
2025-04-28 03:00:00,BUY,93849.93,0.003827327951316401,359.1944603180876,Markov: FLAT-NEUTRAL→FLAT-NEUTRAL (93%),8727.307825199088,BUY,0.13931116389548692,SIDEWAYS,0.019618600905818635,,
2025-04-28 04:00:00,BUY,94036.48,0.0032876035128746152,309.15466198636346,Markov: FLAT-NEUTRAL→FLAT-NEUTRAL (93%),8740.244369448606,BUY,0.13931116389548692,SIDEWAYS,0.02281382954252077,,
2025-04-28 05:00:00,BUY,94224.28,0.0028239639103777425,266.0859662013273,Markov: FLAT-NEUTRAL→FLAT-NEUTRAL (93%),8753.885008459134,BUY,0.13931116389548692,SIDEWAYS,0.025730148934933028,,
2025-04-28 06:00:00,BUY,94583.99,0.0024213106314669667,229.01722055356527,Markov: FLAT-NEUTRAL→FLAT-NEUTRAL (93%),8781.027942494316,BUY,0.13931116389548692,SIDEWAYS,0.029174819695697903,,
2025-04-28 07:00:00,BUY,94692.49,0.002081607158140404,197.11256500613865,Markov: FLAT-NEUTRAL→FLAT-NEUTRAL (93%),8789.47782865134,BUY,0.13931116389548692,SIDEWAYS,0.031254119979269156,,
2025-04-28 08:00:00,STOP_LOSS,94706.39,0.004302045737971359,407.43122145815335,Time-based exit after 73h,8790.589282968558,STOP_LOSS,,,,93772.26,Markov: FLAT-NEUTRAL→FLAT-NEUTRAL (93%)
2025-04-28 10:00:00,BUY,95060.77,0.002381763810932773,226.41230182540383,Markov: FLAT-NEUTRAL→FLAT-NEUTRAL (93%),8817.401211837047,BUY,0.13931116389548692,SIDEWAYS,0.03105023765909679,,
2025-04-28 11:00:00,SELL,95319.99,0.010871907357963177,1036.3101006419765,Technical: RSI overbought (68.2) or above BB upper,8837.630859960907,SELL,,SIDEWAYS,0.033813637869185585,,
2025-04-28 12:00:00,SELL,95350.69,0.009357329290161418,892.2278043741015,Technical: RSI overbought (68.5) or above BB upper,8839.692934536808,SELL,,SIDEWAYS,0.02598125751675997,,
2025-04-29 11:00:00,BUY,95129.74,0.004872686508995024,463.53740070220437,Markov: FLAT-NEUTRAL→FLAT-NEUTRAL (93%),8826.919544666755,BUY,0.13931116389548692,SIDEWAYS,0.018012142294879723,,
2025-04-29 13:00:00,BUY,94800.01,0.004208453837729465,398.9614659012916,Markov: FLAT-NEUTRAL→FLAT-NEUTRAL (93%),8806.250778963184,BUY,0.13931116389548692,SIDEWAYS,0.020131555074403718,,
2025-04-29 14:00:00,BUY,95040.8,0.0036129923121136715,343.381679737133,Markov: FLAT-NEUTRAL→FLAT-NEUTRAL (93%),8822.357791294955,BUY,0.13931116389548692,SIDEWAYS,0.023711009477719747,,
2025-04-29 16:00:00,BUY,94954.74,0.003112480517271341,295.54477827256574,Markov: FLAT-NEUTRAL→FLAT-NEUTRAL (93%),8816.29010032923,BUY,0.13931116389548692,SIDEWAYS,0.025706044392906795,,
2025-04-29 17:00:00,BUY,95231.37,0.002671095577310092,254.37209122818098,Markov: FLAT-NEUTRAL→FLAT-NEUTRAL (93%),8836.655002536178,BUY,0.13931116389548692,SIDEWAYS,0.028899685916562647,,
2025-04-30 12:00:00,BUY,94555.88,0.002315405653637342,218.9352191366541,Markov: FLAT-NEUTRAL→FLAT-NEUTRAL (93%),8785.12259157297,BUY,0.13931116389548692,SIDEWAYS,0.027540318763585744,,
2025-04-30 23:00:00,STOP_LOSS,94172.0,0.0027195530522552036,256.10575003697704,Time-based exit after 73h,8754.947958271658,STOP_LOSS,,,,93939.57,Markov: FLAT-NEUTRAL→FLAT-NEUTRAL (93%)
2025-05-01 03:00:00,STOP_LOSS,94782.6,0.004457662826806126,422.5088726480344,Time-based exit after 73h,8801.283208008266,STOP_LOSS,,,,93621.64,Markov: FLAT-NEUTRAL→FLAT-NEUTRAL (93%)
2025-05-01 03:00:00,BUY,94782.6,0.0029855025275077806,282.973691863759,Markov: FLAT-NEUTRAL→FLAT-NEUTRAL (93%),8801.283208008266,BUY,0.13931116389548692,SIDEWAYS,0.028134054436215927,,
2025-05-01 04:00:00,STOP_LOSS,94860.51,0.003827327951316401,363.06228139912895,Time-based exit after 73h,8807.080695600687,STOP_LOSS,,,,93849.93,Markov: FLAT-NEUTRAL→FLAT-NEUTRAL (93%)
2025-05-01 05:00:00,STOP_LOSS,95147.96,0.0032876035128746152,312.8087675388534,Time-based exit after 73h,8827.370439158645,STOP_LOSS,,,,94036.48,Markov: FLAT-NEUTRAL→FLAT-NEUTRAL (93%)
2025-05-01 06:00:00,STOP_LOSS,94888.85,0.0028239639103777425,267.96268789724706,Time-based exit after 73h,8809.93293385751,STOP_LOSS,,,,94224.28,Markov: FLAT-NEUTRAL→FLAT-NEUTRAL (93%)
2025-05-01 07:00:00,STOP_LOSS,95025.84,0.0024213106314669667,230.08707665607892,Time-based exit after 73h,8818.765190041398,STOP_LOSS,,,,94583.99,Markov: FLAT-NEUTRAL→FLAT-NEUTRAL (93%)
2025-05-01 08:00:00,STOP_LOSS,95210.16,0.002081607158140404,198.19015058369317,Time-based exit after 73h,8830.202691859911,STOP_LOSS,,,,94692.49,Markov: FLAT-NEUTRAL→FLAT-NEUTRAL (93%)
2025-05-01 09:00:00,SELL,95520.99,0.008354603558471101,798.0400029626825,Technical: RSI overbought (63.6) or above BB upper,8848.843419217754,SELL,,SIDEWAYS,0.01851021075635409,,
2025-05-01 10:00:00,SELL,96169.01,0.007190714012855115,691.5238478094037,Technical: RSI overbought (70.1) or above BB upper,8882.291754328257,SELL,,SIDEWAYS,0.013947080657404447,,
2025-05-01 11:00:00,SELL,96180.01,0.0061889672744846825,595.2549343496095,Technical: RSI overbought (70.2) or above BB upper,8882.780434762155,SELL,,SIDEWAYS,0.008346483654033215,,
2025-05-01 12:00:00,SELL,96373.2,0.005326775040165142,513.3583563008432,Technical: RSI overbought (71.9) or above BB upper,8890.167349358471,SELL,,SIDEWAYS,0.003657768649683079,,
2025-05-01 13:00:00,BUY,95809.52,0.008315016654667365,796.657754475686,Markov: FLAT-NEUTRAL→FLAT-NEUTRAL (93%),8871.616780533683,BUY,0.13931116389548692,SIDEWAYS,0.0,,
2025-05-01 14:00:00,SELL,96827.99,0.005743070457482375,556.0899688263988,Technical: RSI overbought (69.9) or above BB upper,8913.60297033553,SELL,,SIDEWAYS,0.0063126056285074,,
2025-05-01 15:00:00,SELL,96854.3,0.00494299662771672,478.7504782798635,Technical: RSI overbought (70.1) or above BB upper,8914.536493806576,SELL,,SIDEWAYS,0.0019599598697162706,,
2025-05-02 12:00:00,BUY,97182.53,0.008538975704849551,829.8392626058127,Markov: FLAT-NEUTRAL→FLAT-NEUTRAL (93%),8924.560211716413,BUY,0.13931116389548692,SIDEWAYS,0.0,,
2025-05-02 13:00:00,BUY,96772.08,0.009594744742614104,928.5034058118315,Markov: FLAT-NEUTRAL→FLAT-NEUTRAL (93%),8908.52077921211,BUY,0.181104513064133,STEADY_BULL,0.005195647439729826,,
2025-05-02 15:00:00,BUY,97330.19,0.0078120390869871985,760.3472486238906,Markov: FLAT-NEUTRAL→FLAT-NEUTRAL (93%),8935.685344483212,BUY,0.181104513064133,STEADY_BULL,0.012547034046488274,,
2025-05-02 16:00:00,BUY,97348.69,0.006396027829467531,622.6449304022076,Markov: FLAT-NEUTRAL→FLAT-NEUTRAL (93%),8936.730307007643,BUY,0.181104513064133,STEADY_BULL,0.017704146178686146,,
2025-05-03 03:00:00,BUY,96337.5,0.004071272856602807,392.21624882297294,Markov: FLAT-NEUTRAL→FLAT-NEUTRAL (93%),8873.146185730606,BUY,0.13931116389548692,SIDEWAYS,0.01835562946503615,,
2025-05-03 10:00:00,BUY,95896.5,0.0035202134248979128,337.5761467007227,Markov: FLAT-NEUTRAL→FLAT-NEUTRAL (93%),8843.620458924057,BUY,0.13931116389548692,SIDEWAYS,0.019262133617980192,,
2025-05-03 12:00:00,BUY,96120.42,0.003022750221029947,290.5480208004914,Markov: FLAT-NEUTRAL→FLAT-NEUTRAL (93%),8859.400543541647,BUY,0.13931116389548692,SIDEWAYS,0.022523355322125918,,
2025-05-03 23:00:00,BUY,95856.42,0.002608812616361478,250.07143785524474,Markov: FLAT-NEUTRAL→FLAT-NEUTRAL (93%),8839.997936112073,BUY,0.13931116389548692,SIDEWAYS,0.023261987029484742,,
2025-05-04 01:00:00,BUY,96099.94,0.0022396860475731063,215.23369479061267,Markov: FLAT-NEUTRAL→FLAT-NEUTRAL (93%),8858.53066961969,BUY,0.13931116389548692,SIDEWAYS,0.026159660244430658,,
2025-05-04 06:00:00,BUY,95905.74,0.0019315761315204533,185.24923825980642,Markov: FLAT-NEUTRAL→FLAT-NEUTRAL (93%),8843.3164155624,BUY,0.13931116389548692,SIDEWAYS,0.026615188797266157,,
2025-05-04 07:00:00,BUY,95879.99,0.0016629324978765687,159.44195126708044,Markov: FLAT-NEUTRAL→FLAT-NEUTRAL (93%),8841.24933946478,BUY,0.13931116389548692,SIDEWAYS,0.027733725894902125,,
2025-05-04 08:00:00,BUY,95647.27,0.0014347498623044437,137.22990746229596,Markov: FLAT-NEUTRAL→FLAT-NEUTRAL (93%),8822.180790379405,BUY,0.13931116389548692,SIDEWAYS,0.027522188227938046,,
2025-05-04 10:00:00,BUY,95400.47,0.0012380677928783112,118.11224933245354,Markov: FLAT-NEUTRAL→FLAT-NEUTRAL (93%),8801.604461755747,BUY,0.13931116389548692,SIDEWAYS,0.027040540008285253,,
2025-05-04 11:00:00,BUY,95423.2,0.0010653373017005874,101.6578944076355,Markov: FLAT-NEUTRAL→FLAT-NEUTRAL (93%),8803.527659558622,BUY,0.13931116389548692,SIDEWAYS,0.02797923005345209,,
2025-05-04 12:00:00,BUY,95462.24,0.0009165489393350007,87.49581481854328,Markov: FLAT-NEUTRAL→FLAT-NEUTRAL (93%),8806.872446201245,BUY,0.13931116389548692,SIDEWAYS,0.028905602600044225,,
2025-05-04 13:00:00,BUY,95369.37,0.0007896316293185961,75.30667102018803,Markov: FLAT-NEUTRAL→FLAT-NEUTRAL (93%),8798.830606641917,BUY,0.13931116389548692,SIDEWAYS,0.028937026404558423,,
2025-05-04 14:00:00,BUY,95611.07,0.0006779090646226539,64.81561103127109,Markov: FLAT-NEUTRAL→FLAT-NEUTRAL (93%),8819.950852460815,BUY,0.13931116389548692,SIDEWAYS,0.03093775012437345,,
2025-05-04 22:00:00,BUY,95015.82,0.0005871240475523713,55.78607281990756,Markov: FLAT-NEUTRAL→FLAT-NEUTRAL (93%),8767.533151154234,BUY,0.13931116389548692,SIDEWAYS,0.02766101121870115,,
2025-05-05 00:00:00,BUY,94724.11,0.0004308542204648497,40.812282573276676,Markov: FLAT-NEUTRAL→FLAT-NEUTRAL (93%),8741.673905308959,BUY,0.11841448931116388,SIDEWAYS,0.0261866546840251,,
2025-05-05 02:00:00,BUY,94236.67,0.0003817995370033683,35.979516974739205,Markov: FLAT-NEUTRAL→FLAT-NEUTRAL (93%),8698.2537467953,BUY,0.11841448931116388,SIDEWAYS,0.023318422846573192,,
2025-05-05 08:00:00,BUY,94559.19,0.0003946363660004367,37.31649511354483,Markov: FLAT-NEUTRAL→FLAT-NEUTRAL (93%),8727.106306913573,BUY,0.13931116389548692,SIDEWAYS,0.025666187648951632,,
2025-05-05 13:00:00,STOP_LOSS,94226.38,0.008538975704849551,804.5967695759217,Time-based exit after 73h,8697.201866989435,STOP_LOSS,,,,97182.53,Markov: FLAT-NEUTRAL→FLAT-NEUTRAL (93%)
2025-05-05 13:00:00,BUY,94226.38,0.001530433443192312,144.2072031829472,Markov: FLAT-NEUTRAL→FLAT-NEUTRAL (93%),8697.201866989435,BUY,0.13931116389548692,SIDEWAYS,0.02374208236255273,,
2025-05-05 14:00:00,STOP_LOSS,93879.37,0.009594744742614104,900.7485917474243,Time-based exit after 73h,8668.453528960952,STOP_LOSS,,,,96772.08,Markov: FLAT-NEUTRAL→FLAT-NEUTRAL (93%)
2025-05-05 14:00:00,BUY,93879.37,0.002658750954112414,249.60186455897232,Markov: FLAT-NEUTRAL→FLAT-NEUTRAL (93%),8668.453528960952,BUY,0.13931116389548692,SIDEWAYS,0.01989318494111416,,
2025-05-05 16:00:00,STOP_LOSS,94206.31,0.0078120390869871985,735.943375960833,Time-based exit after 73h,8693.271496992702,STOP_LOSS,,,,97330.19,Markov: FLAT-NEUTRAL→FLAT-NEUTRAL (93%)
2025-05-05 17:00:00,STOP_LOSS,94500.0,0.006396027829467531,604.4246298846817,Time-based exit after 73h,8713.271144582373,STOP_LOSS,,,,97348.69,Markov: FLAT-NEUTRAL→FLAT-NEUTRAL (93%)
2025-05-06 04:00:00,STOP_LOSS,94574.57,0.004071272856602807,385.03887976588214,Time-based exit after 73h,8717.872246928444,STOP_LOSS,,,,96337.5,Markov: FLAT-NEUTRAL→FLAT-NEUTRAL (93%)
2025-05-06 08:00:00,BUY,94375.9,0.004823243854888687,455.19797972458923,Markov: FLAT-NEUTRAL→FLAT-NEUTRAL (93%),8706.422792445184,BUY,0.13931116389548692,SIDEWAYS,0.014421398145832766,,
2025-05-06 10:00:00,BUY,93942.83,0.004170449403815943,391.7838193662825,Markov: FLAT-NEUTRAL→FLAT-NEUTRAL (93%),8679.375942949217,BUY,0.13931116389548692,SIDEWAYS,0.016020646537922095,,
2025-05-06 11:00:00,STOP_LOSS,93812.54,0.0035202134248979128,330.2401627317724,Time-based exit after 73h,8670.695474810456,STOP_LOSS,,,,95896.5,Markov: FLAT-NEUTRAL→FLAT-NEUTRAL (93%)
2025-05-06 12:00:00,BUY,93935.99,0.004079481154455759,383.2101009301447,Markov: FLAT-NEUTRAL→FLAT-NEUTRAL (93%),8678.485663015075,BUY,0.13931116389548692,SIDEWAYS,0.017163854276766262,,
2025-05-06 13:00:00,STOP_LOSS,93616.92,0.003022750221029947,282.9805656221429,Time-based exit after 73h,8657.049431221954,STOP_LOSS,,,,96120.42,Markov: FLAT-NEUTRAL→FLAT-NEUTRAL (93%)
2025-05-06 13:00:00,BUY,93616.92,0.003944233667478946,369.24700770968315,Markov: FLAT-NEUTRAL→FLAT-NEUTRAL (93%),8657.049431221956,BUY,0.13931116389548692,SIDEWAYS,0.01851169064070963,,
2025-05-06 14:00:00,BUY,94147.02,0.0033756435126754024,317.80677730072136,Markov: FLAT-NEUTRAL→FLAT-NEUTRAL (93%),8693.151870400292,BUY,0.13931116389548692,SIDEWAYS,0.02213925303989946,,
2025-05-06 16:00:00,BUY,94241.01,0.0029024810457897684,273.532745261084,Markov: FLAT-NEUTRAL→FLAT-NEUTRAL (93%),8699.870332303584,BUY,0.13931116389548692,SIDEWAYS,0.024756279893576764,,
2025-05-07 00:00:00,STOP_LOSS,97415.65,0.002608812616361478,254.139176751054,Time-based exit after 73h,8936.009847161611,STOP_LOSS,,,,95856.42,Markov: FLAT-NEUTRAL→FLAT-NEUTRAL (93%)
2025-05-07 02:00:00,STOP_LOSS,96619.05,0.0022396860475731063,216.39633821476835,Time-based exit after 73h,8878.834462309349,STOP_LOSS,,,,96099.94,Markov: FLAT-NEUTRAL→FLAT-NEUTRAL (93%)
2025-05-07 02:00:00,BUY,96619.05,0.003442178955301368,332.58006059121067,Markov: FLAT-NEUTRAL→FLAT-NEUTRAL (93%),8878.834462309349,BUY,0.15393883610451303,STEADY_BULL,0.03593469872459098,,
2025-05-07 07:00:00,STOP_LOSS,96994.82,0.0019315761315204533,187.3528791931227,Time-based exit after 73h,8906.256941153562,STOP_LOSS,,,,95905.74,Markov: FLAT-NEUTRAL→FLAT-NEUTRAL (93%)
2025-05-07 08:00:00,STOP_LOSS,97024.45,0.0016629324978765687,161.34511099360026,Time-based exit after 73h,8908.36201008871,STOP_LOSS,,,,95879.99,Markov: FLAT-NEUTRAL→FLAT-NEUTRAL (93%)
2025-05-07 09:00:00,STOP_LOSS,96978.4,0.0014347498623044437,139.13974604650525,Time-based exit after 73h,8905.16695719998,STOP_LOSS,,,,95647.27,Markov: FLAT-NEUTRAL→FLAT-NEUTRAL (93%)
2025-05-07 11:00:00,STOP_LOSS,97047.43,0.0012380677928783112,120.1512974646124,Time-based exit after 73h,8909.857373548559,STOP_LOSS,,,,95400.47,Markov: FLAT-NEUTRAL→FLAT-NEUTRAL (93%)
2025-05-07 12:00:00,STOP_LOSS,96966.08,0.0010653373017005874,103.3015820236833,Time-based exit after 73h,8904.430560739333,STOP_LOSS,,,,95423.2,Markov: FLAT-NEUTRAL→FLAT-NEUTRAL (93%)
2025-05-07 13:00:00,STOP_LOSS,97022.01,0.0009165489393350007,88.92542035764983,Time-based exit after 73h,8908.102035310589,STOP_LOSS,,,,95462.24,Markov: FLAT-NEUTRAL→FLAT-NEUTRAL (93%)
2025-05-07 14:00:00,STOP_LOSS,96938.0,0.0007896316293185961,76.54531088288607,Time-based exit after 73h,8902.66427365848,STOP_LOSS,,,,95369.37,Markov: FLAT-NEUTRAL→FLAT-NEUTRAL (93%)
2025-05-07 15:00:00,STOP_LOSS,96923.91,0.0006779090646226539,65.70559716767029,Time-based exit after 73h,8901.763388359015,STOP_LOSS,,,,95611.07,Markov: FLAT-NEUTRAL→FLAT-NEUTRAL (93%)
2025-05-07 18:00:00,BUY,96593.59,0.003995518563805612,385.9414819896282,Markov: FLAT-NEUTRAL→FLAT-NEUTRAL (93%),8880.867341390622,BUY,0.13931116389548692,SIDEWAYS,0.029144744272300533,,
2025-05-07 19:00:00,BUY,96180.01,0.0034536856976632043,332.17552493810393,Markov: FLAT-NEUTRAL→FLAT-NEUTRAL (93%),8853.051799304754,BUY,0.13931116389548692,SIDEWAYS,0.03013669822836278,,
2025-05-07 23:00:00,STOP_LOSS,97030.5,0.0005871240475523713,56.96893989603036,Time-based exit after 73h,8913.189280139744,STOP_LOSS,,,,95015.82,Markov: FLAT-NEUTRAL→FLAT-NEUTRAL (93%)
2025-05-08 01:00:00,STOP_LOSS,97816.21,0.0004308542204648497,42.14452690837604,Time-based exit after 73h,8968.284908748245,STOP_LOSS,,,,94724.11,Markov: FLAT-NEUTRAL→FLAT-NEUTRAL (93%)
2025-05-08 01:00:00,SELL,97816.21,0.009708767395756058,949.6748304244278,Technical: RSI overbought (66.1) or above BB upper,8968.284908748245,SELL,,STEADY_BULL,0.038744078776223156,,
2025-05-08 05:00:00,SELL,98740.61,0.008356227709862725,825.0990213707485,Technical: RSI overbought (68.6) or above BB upper,9023.732704021795,SELL,,STEADY_BULL,0.031060984119211675,,
2025-05-08 08:00:00,SELL,99666.66,0.00719211190182603,716.8137716012483,Technical: RSI overbought (74.9) or above BB upper,9071.541185700138,SELL,,STEADY_BULL,0.023423733694203693,,
2025-05-08 14:00:00,BUY,99371.95,0.008461717367520081,840.8573551593371,Markov: FLAT-NEUTRAL→FLAT-NEUTRAL (93%),9058.446003131628,BUY,0.181104513064133,STEADY_BULL,0.013903838003684938,,
2025-05-08 15:00:00,SELL,100758.08,0.009579676752021923,965.2298365543651,Technical: RSI overbought (77.2) or above BB upper,9131.766524589742,SELL,,STEADY_BULL,0.022695251341464138,,
2025-05-08 20:00:00,SELL,102607.8,0.007844754058535196,804.9329554873677,Technical: RSI overbought (81.9) or above BB upper,9211.889312430016,SELL,,STEADY_BULL,0.013997539114214566,,
2025-05-08 21:00:00,SELL,102828.03,0.006424033694656298,660.5707294751286,Technical: RSI overbought (82.6) or above BB upper,9219.701182585197,SELL,,STEADY_BULL,0.004935268018348463,,
2025-05-09 07:00:00,SELL,103628.77,0.005260612200477986,545.1507717825272,Technical: RSI overbought (75.4) or above BB upper,9242.960584254106,SELL,,STEADY_BULL,0.0,,
2025-05-09 08:00:00,BUY,102968.25,0.011921348271627396,1227.5203691699976,Markov: FLAT-NEUTRAL→FLAT-NEUTRAL (93%),9227.2489462361,BUY,0.181104513064133,STEADY_BULL,0.0,,
2025-05-09 13:00:00,BUY,103633.5,0.009699671345994882,1005.2108904351605,Markov: FLAT-NEUTRAL→FLAT-NEUTRAL (93%),9251.0037726189,BUY,0.181104513064133,STEADY_BULL,0.008818707795727625,,
2025-05-09 14:00:00,BUY,103155.99,0.00797978538712233,823.1626615961372,Markov: FLAT-NEUTRAL→FLAT-NEUTRAL (93%),9229.32109849427,BUY,0.181104513064133,STEADY_BULL,0.014255685551764383,,
2025-05-10 06:00:00,SELL,103930.71,0.009668730966181807,1004.8780741142613,Technical: RSI overbought (66.4) or above BB upper,9270.681521420163,SELL,,STEADY_BULL,0.021993247671634956,,
2025-05-10 08:00:00,BUY,103634.92,0.00991255236628519,1027.2865714757763,Markov: FLAT-NEUTRAL→FLAT-NEUTRAL (93%),9257.7499242296,BUY,0.21732541567695962,STEADY_BULL,0.013929581422786524,,
2025-05-10 11:00:00,BUY,103434.94,0.006477752185016368,670.025908592037,Markov: FLAT-NEUTRAL→FLAT-NEUTRAL (93%),9247.02471736535,BUY,0.181104513064133,STEADY_BULL,0.019965929896861,,
2025-05-10 12:00:00,BUY,103695.98,0.005291248442573405,548.6811926761229,Markov: FLAT-NEUTRAL→FLAT-NEUTRAL (93%),9262.715609788944,BUY,0.181104513064133,STEADY_BULL,0.025295885715897148,,
2025-05-10 17:00:00,BUY,103176.88,0.003349830314169563,345.6250403454353,Markov: FLAT-NEUTRAL→FLAT-NEUTRAL (93%),9228.766263141162,BUY,0.13931116389548692,SIDEWAYS,0.026615457174717052,,
2025-05-11 02:00:00,BUY,103781.06,0.002866376713665173,297.47561370348814,Markov: FLAT-NEUTRAL→FLAT-NEUTRAL (93%),9270.303776137536,BUY,0.13931116389548692,SIDEWAYS,0.03166361798068344,,
2025-05-11 06:00:00,BUY,103864.52,0.0024650760406723193,256.03393972793094,Markov: FLAT-NEUTRAL→FLAT-NEUTRAL (93%),9276.280898000552,BUY,0.13931116389548692,SIDEWAYS,0.03399765224588686,,
2025-05-11 07:00:00,BUY,103385.47,0.002131494431351774,220.3655535876859,Markov: FLAT-NEUTRAL→FLAT-NEUTRAL (93%),9240.792068642248,BUY,0.13931116389548692,SIDEWAYS,0.033183306098376365,,
2025-05-11 13:00:00,BUY,103959.99,0.0018244150642464669,189.66617183491206,Markov: FLAT-NEUTRAL→FLAT-NEUTRAL (93%),9284.57806228132,BUY,0.13931116389548692,SIDEWAYS,0.03769497984772892,,
2025-05-11 14:00:00,BUY,104160.0,0.0015672384474365308,163.24355668498904,Markov: FLAT-NEUTRAL→FLAT-NEUTRAL (93%),9300.186360787764,BUY,0.13931116389548692,SIDEWAYS,0.040022064639404886,,
2025-05-12 01:00:00,BUY,103984.14,0.001351185928976903,140.50190680476433,Markov: FLAT-NEUTRAL→FLAT-NEUTRAL (93%),9286.187055542216,BUY,0.13931116389548692,SIDEWAYS,0.04008007885015757,,
2025-05-12 07:00:00,BUY,104467.99,0.0011575643662547483,120.92842263825739,Markov: FLAT-NEUTRAL→FLAT-NEUTRAL (93%),9325.357623414046,BUY,0.13931116389548692,SIDEWAYS,0.04378197373180976,,
2025-05-12 09:00:00,STOP_LOSS,104459.34,0.002252617305445589,235.30691699942463,Time-based exit after 73h,9324.647340952277,STOP_LOSS,,,,102968.25,Markov: FLAT-NEUTRAL→FLAT-NEUTRAL (93%)
2025-05-12 11:00:00,BUY,103762.9,0.00131899381968242,136.86262381232498,Markov: FLAT-NEUTRAL→FLAT-NEUTRAL (93%),9269.02897251438,BUY,0.13931116389548692,SIDEWAYS,0.03869938195086709,,
2025-05-12 12:00:00,BUY,103881.15,0.0011339509852869344,117.79613239523981,Markov: FLAT-NEUTRAL→FLAT-NEUTRAL (93%),9278.62850230069,BUY,0.13931116389548692,SIDEWAYS,0.040275800886519456,,
2025-05-12 13:00:00,BUY,104319.99,0.0009718733302109409,101.38581608887206,Markov: FLAT-NEUTRAL→FLAT-NEUTRAL (93%),9314.751137202438,BUY,0.13931116389548692,SIDEWAYS,0.04363573479386653,,
2025-05-12 14:00:00,STOP_LOSS,102799.99,0.009699671345994882,997.1261173715604,Time-based exit after 73h,9188.1567512603,STOP_LOSS,,,,103633.5,Markov: FLAT-NEUTRAL→FLAT-NEUTRAL (93%)
2025-05-12 15:00:00,STOP_LOSS,102527.26,0.00797978538712233,818.1455311296918,Time-based exit after 73h,9168.087611785702,STOP_LOSS,,,,103155.99,Markov: FLAT-NEUTRAL→FLAT-NEUTRAL (93%)
2025-05-13 09:00:00,STOP_LOSS,103457.03,0.00991255236628519,1025.5232275353378,Time-based exit after 73h,9229.086403178835,STOP_LOSS,,,,103634.92,Markov: FLAT-NEUTRAL→FLAT-NEUTRAL (93%)
2025-05-13 12:00:00,STOP_LOSS,103682.52,0.006477752185016368,671.6296704780034,Time-based exit after 73h,9241.644791629966,STOP_LOSS,,,,103434.94,Markov: FLAT-NEUTRAL→FLAT-NEUTRAL (93%)
2025-05-13 12:00:00,BUY,103682.52,0.0055610298796466675,576.5815917170632,Markov: FLAT-NEUTRAL→FLAT-NEUTRAL (93%),9241.644791629968,BUY,0.13931116389548692,SIDEWAYS,0.021437937851858425,,
2025-05-13 13:00:00,STOP_LOSS,103715.87,0.005291248442573405,548.7864356076457,Time-based exit after 73h,9243.471606208124,STOP_LOSS,,,,103695.98,Markov: FLAT-NEUTRAL→FLAT-NEUTRAL (93%)
2025-05-13 14:00:00,BUY,103191.65,0.005549958898503934,572.7094161688035,Markov: FLAT-NEUTRAL→FLAT-NEUTRAL (93%),9217.530159934102,BUY,0.13931116389548692,SIDEWAYS,0.015779373583830466,,
2025-05-13 16:00:00,BUY,103725.85,0.0047521866615546915,492.9246008284227,Markov: FLAT-NEUTRAL→FLAT-NEUTRAL (93%),9246.930262539474,BUY,0.13931116389548692,SIDEWAYS,0.021250579469296,,
2025-05-13 18:00:00,STOP_LOSS,104354.19,0.003349830314169563,349.5688290726103,Time-based exit after 73h,9284.497420490035,STOP_LOSS,,,,103176.88,Markov: FLAT-NEUTRAL→FLAT-NEUTRAL (93%)
2025-05-13 19:00:00,BUY,104792.22,0.004513250520067087,472.9535414139847,Markov: FLAT-NEUTRAL→FLAT-NEUTRAL (93%),9309.219008276656,BUY,0.13931116389548692,SIDEWAYS,0.02560043519946093,,
2025-05-14 03:00:00,STOP_LOSS,103587.44,0.002866376713665173,296.9206258441883,Time-based exit after 73h,9235.786021374046,STOP_LOSS,,,,103781.06,Markov: FLAT-NEUTRAL→FLAT-NEUTRAL (93%)
2025-05-14 07:00:00,STOP_LOSS,103716.55,0.0024650760406723193,255.66918242619263,Time-based exit after 73h,9243.285374359359,STOP_LOSS,,,,103864.52,Markov: FLAT-NEUTRAL→FLAT-NEUTRAL (93%)
2025-05-14 08:00:00,STOP_LOSS,103200.0,0.002131494431351774,219.9702253155031,Time-based exit after 73h,9214.554908098084,STOP_LOSS,,,,103385.47,Markov: FLAT-NEUTRAL→FLAT-NEUTRAL (93%)
2025-05-14 08:00:00,BUY,103200.0,0.004987326265010621,514.6920705490961,Markov: FLAT-NEUTRAL→FLAT-NEUTRAL (93%),9214.554908098084,BUY,0.13931116389548692,SIDEWAYS,0.019275604369703783,,
2025-05-14 09:00:00,BUY,103485.73,0.004280684101596649,442.9897191531234,Markov: FLAT-NEUTRAL→FLAT-NEUTRAL (93%),9231.263182780658,BUY,0.13931116389548692,SIDEWAYS,0.02227026904762715,,
2025-05-14 13:00:00,BUY,103970.87,0.003667145478191795,381.27630578416694,Markov: FLAT-NEUTRAL→FLAT-NEUTRAL (93%),9261.708836903203,BUY,0.13931116389548692,SIDEWAYS,0.027108154911020046,,
2025-05-14 14:00:00,STOP_LOSS,103265.46,0.0018244150642464669,188.39906084034098,Time-based exit after 73h,9214.852983001552,STOP_LOSS,,,,103959.99,Markov: FLAT-NEUTRAL→FLAT-NEUTRAL (93%)
2025-05-14 14:00:00,BUY,103265.46,0.0034319931592043224,354.4063523020876,Markov: FLAT-NEUTRAL→FLAT-NEUTRAL (93%),9214.852983001552,BUY,0.13931116389548692,SIDEWAYS,0.026464664054598377,,
2025-05-14 15:00:00,STOP_LOSS,103514.24,0.0015672384474365308,162.23149678517245,Time-based exit after 73h,9231.777773219459,STOP_LOSS,,,,104160.0,Markov: FLAT-NEUTRAL→FLAT-NEUTRAL (93%)
2025-05-15 02:00:00,STOP_LOSS,103047.62,0.001351185928976903,139.23649415855888,Time-based exit after 73h,9200.764381458644,STOP_LOSS,,,,103984.14,Markov: FLAT-NEUTRAL→FLAT-NEUTRAL (93%)
2025-05-15 06:00:00,BUY,102247.4,0.003394036890586314,347.03144756653506,Markov: FLAT-NEUTRAL→FLAT-NEUTRAL (93%),9148.659873841285,BUY,0.13931116389548692,SIDEWAYS,0.021543647787321776,,
2025-05-15 08:00:00,STOP_LOSS,102274.65,0.0011575643662547483,118.3894904111762,Time-based exit after 73h,9150.526683198761,STOP_LOSS,,,,104467.99,Markov: FLAT-NEUTRAL→FLAT-NEUTRAL (93%)
2025-05-15 09:00:00,BUY,101823.39,0.0030953503944415916,315.17907039988,Markov: FLAT-NEUTRAL→FLAT-NEUTRAL (93%),9120.134682734884,BUY,0.13931116389548692,SIDEWAYS,0.021355085668705216,,
2025-05-15 11:00:00,BUY,102371.61,0.002649866572060116,271.2711072669751,Markov: FLAT-NEUTRAL→FLAT-NEUTRAL (93%),9158.753794725391,BUY,0.13931116389548692,SIDEWAYS,0.026122629279959477,,
2025-05-15 12:00:00,STOP_LOSS,102560.0,0.00131899381968242,135.27600614662902,Time-based exit after 73h,9172.524052134708,STOP_LOSS,,,,103762.9,Markov: FLAT-NEUTRAL→FLAT-NEUTRAL (93%)
2025-05-15 12:00:00,BUY,102560.0,0.0024602717574669975,252.32547144581525,Markov: FLAT-NEUTRAL→FLAT-NEUTRAL (93%),9172.524052134708,BUY,0.13931116389548692,SIDEWAYS,0.028870577235550664,,
2025-05-15 13:00:00,STOP_LOSS,102133.49,0.0011339509852869344,115.81437161629327,Time-based exit after 73h,9140.861785455085,STOP_LOSS,,,,103881.15,Markov: FLAT-NEUTRAL→FLAT-NEUTRAL (93%)
2025-05-15 13:00:00,BUY,102133.49,0.002284343277057423,233.30795124391153,Markov: FLAT-NEUTRAL→FLAT-NEUTRAL (93%),9140.861785455087,BUY,0.13931116389548692,SIDEWAYS,0.02754811171743399,,
2025-05-15 14:00:00,STOP_LOSS,101987.65,0.0009718733302109409,99.11907704588786,Time-based exit after 73h,9129.867478345908,STOP_LOSS,,,,104319.99,Markov: FLAT-NEUTRAL→FLAT-NEUTRAL (93%)
2025-05-15 14:00:00,BUY,101987.65,0.002104313051605364,214.6139429975598,Markov: FLAT-NEUTRAL→FLAT-NEUTRAL (93%),9129.86747834591,BUY,0.13931116389548692,SIDEWAYS,0.0277332291789992,,
2025-05-15 16:00:00,BUY,103846.27,0.001511931541583675,157.00845108881455,Markov: FLAT-NEUTRAL→FLAT-NEUTRAL (93%),9272.086344788759,BUY,0.11841448931116388,SIDEWAYS,0.038855271449593984,,
2025-05-15 17:00:00,BUY,103968.24,0.0013313332565367626,138.4163755355957,Markov: FLAT-NEUTRAL→FLAT-NEUTRAL (93%),9281.603719934552,BUY,0.11841448931116388,SIDEWAYS,0.04054321353625906,,
2025-05-16 02:00:00,BUY,104199.8,0.0013777363139823784,143.55984836970103,Markov: FLAT-NEUTRAL→FLAT-NEUTRAL (93%),9299.980736666346,BUY,0.13931116389548692,SIDEWAYS,0.042739870908258946,,
2025-05-16 08:00:00,BUY,103388.6,0.0011951062187190691,123.56035880465835,Markov: FLAT-NEUTRAL→FLAT-NEUTRAL (93%),9234.484830680512,BUY,0.13931116389548692,SIDEWAYS,0.03897277393707997,,
2025-05-16 13:00:00,STOP_LOSS,104007.98,0.0055610298796466675,578.391484501693,Time-based exit after 73h,9285.233505088883,STOP_LOSS,,,,103682.52,Markov: FLAT-NEUTRAL→FLAT-NEUTRAL (93%)
2025-05-16 13:00:00,BUY,104007.98,0.0017972026021600147,186.92341230140676,Markov: FLAT-NEUTRAL→FLAT-NEUTRAL (93%),9285.233505088883,BUY,0.13931116389548692,SIDEWAYS,0.043437005131896446,,
2025-05-16 14:00:00,BUY,103578.7,0.0015532430333107272,160.88289417438182,Markov: FLAT-NEUTRAL→FLAT-NEUTRAL (93%),9251.676340623571,BUY,0.13931116389548692,SIDEWAYS,0.03834844188373227,,
2025-05-16 15:00:00,STOP_LOSS,104183.33,0.005549958898503934,578.2131994092719,Time-based exit after 73h,9299.879893609803,STOP_LOSS,,,,103191.65,Markov: FLAT-NEUTRAL→FLAT-NEUTRAL (93%)
2025-05-16 15:00:00,BUY,104183.33,0.0021022716851679937,219.02166472551318,Markov: FLAT-NEUTRAL→FLAT-NEUTRAL (93%),9299.879893609805,BUY,0.13931116389548692,SIDEWAYS,0.04282439217329867,,
2025-05-16 16:00:00,BUY,104145.49,0.0018100591940589537,188.50950169427483,Markov: FLAT-NEUTRAL→FLAT-NEUTRAL (93%),9296.993596002234,BUY,0.13931116389548692,SIDEWAYS,0.03974945721911199,,
2025-05-16 17:00:00,STOP_LOSS,103867.96,0.0047521866615546915,493.5999340748963,Time-based exit after 73h,9275.322271018576,STOP_LOSS,,,,103725.85,Markov: FLAT-NEUTRAL→FLAT-NEUTRAL (93%)
2025-05-16 20:00:00,STOP_LOSS,103692.48,0.004513250520067087,467.990139287046,Time-based exit after 73h,9262.453579220552,STOP_LOSS,,,,104792.22,Markov: FLAT-NEUTRAL→FLAT-NEUTRAL (93%)
2025-05-17 01:00:00,BUY,102829.57,0.0028805746821491717,296.208255918286,Markov: FLAT-NEUTRAL→FLAT-NEUTRAL (93%),9203.06726232169,BUY,0.13931116389548692,SIDEWAYS,0.028748192988773333,,
2025-05-17 08:00:00,BUY,103426.06,0.00246497970657354,254.94313903085734,Markov: FLAT-NEUTRAL→FLAT-NEUTRAL (93%),9245.836526162846,BUY,0.13931116389548692,SIDEWAYS,0.033628622028416676,,
2025-05-17 09:00:00,STOP_LOSS,102896.59,0.004987326265010621,513.1788658870292,Time-based exit after 73h,9206.56756810324,STOP_LOSS,,,,103200.0,Markov: FLAT-NEUTRAL→FLAT-NEUTRAL (93%)
2025-05-17 09:00:00,BUY,102896.59,0.0028272876554858396,290.9182586985877,Markov: FLAT-NEUTRAL→FLAT-NEUTRAL (93%),9206.56756810324,BUY,0.13931116389548692,SIDEWAYS,0.032536203271455996,,
2025-05-17 10:00:00,STOP_LOSS,102873.74,0.004280684101596649,440.36998328978734,Time-based exit after 73h,9204.922219541038,STOP_LOSS,,,,103485.73,Markov: FLAT-NEUTRAL→FLAT-NEUTRAL (93%)
2025-05-17 14:00:00,STOP_LOSS,103124.8,0.003667145478191795,378.17364400943325,Time-based exit after 73h,9221.925463289239,STOP_LOSS,,,,103970.87,Markov: FLAT-NEUTRAL→FLAT-NEUTRAL (93%)
2025-05-17 15:00:00,STOP_LOSS,102939.53,0.0034319931592043224,353.2877627717081,Time-based exit after 73h,9210.05731311885,STOP_LOSS,,,,103265.46,Markov: FLAT-NEUTRAL→FLAT-NEUTRAL (93%)
2025-05-17 21:00:00,BUY,103243.69,0.004006436541747844,413.63929232088645,Markov: FLAT-NEUTRAL→FLAT-NEUTRAL (93%),9228.497523769756,BUY,0.13931116389548692,SIDEWAYS,0.02572767030978906,,
2025-05-18 05:00:00,SELL,103648.2,0.009004114536861531,933.2602643395313,Technical: RSI overbought (58.2) or above BB upper,9254.642265292685,SELL,,SIDEWAYS,0.03012205615920662,,
2025-05-18 07:00:00,SELL,103919.39,0.007749740860883078,805.3483429210444,Technical: RSI overbought (61.6) or above BB upper,9269.728294045122,SELL,,SIDEWAYS,0.023583457983314276,,
2025-05-18 08:00:00,SELL,103912.82,0.006670115441665044,693.1105052689602,Technical: RSI overbought (61.5) or above BB upper,9269.413727306706,SELL,,SIDEWAYS,0.01716226095238992,,
2025-05-18 13:00:00,SELL,104740.0,0.005740893896169427,601.3012266847858,Technical: RSI overbought (72.4) or above BB upper,9303.501107529843,SELL,,SIDEWAYS,0.014167270285956938,,
2025-05-18 14:00:00,SELL,105270.97,0.004941123285693567,520.156841174549,Technical: RSI overbought (77.2) or above BB upper,9322.333684601506,SELL,,SIDEWAYS,0.010455689667763033,,
2025-05-18 15:00:00,SELL,105518.0,0.004252769649812504,448.7437479089158,Technical: RSI overbought (79.0) or above BB upper,9329.874800885491,SELL,,SIDEWAYS,0.006213976474347672,,
2025-05-18 17:00:00,BUY,104836.67,0.00740673979726355,776.4979359015857,Markov: FLAT-NEUTRAL→FLAT-NEUTRAL (93%),9311.973292713037,BUY,0.11841448931116388,SIDEWAYS,0.0020803682620957973,,
2025-05-18 18:00:00,BUY,104498.0,0.006550836660707636,684.5493293706265,Markov: FLAT-NEUTRAL→FLAT-NEUTRAL (93%),9300.566515403403,BUY,0.11841448931116388,SIDEWAYS,0.006731987582691144,,
2025-05-18 22:00:00,SELL,105928.1,0.004764043944392246,504.64612334597626,Technical: RSI overbought (66.9) or above BB upper,9358.102204528172,SELL,,SIDEWAYS,0.013592765190334366,,
2025-05-19 15:00:00,BUY,104786.41,0.00744647733595333,780.2896271809134,Markov: FLAT-NEUTRAL→FLAT-NEUTRAL (93%),9317.60886888201,BUY,0.13931116389548692,SIDEWAYS,0.008046586198255634,,
2025-05-20 00:00:00,BUY,105727.27,0.006352065754112111,671.5865710427648,Markov: FLAT-NEUTRAL→FLAT-NEUTRAL (93%),9357.985280790883,BUY,0.13931116389548692,SIDEWAYS,0.014937906702618704,,
2025-05-20 01:00:00,BUY,106450.0,0.0054300334821439,578.0270641742181,Markov: FLAT-NEUTRAL→FLAT-NEUTRAL (93%),9393.59161017561,BUY,0.13931116389548692,SIDEWAYS,0.021131302050197302,,
2025-05-20 13:00:00,BUY,104448.04,0.004763147696223083,497.50144110101644,Markov: FLAT-NEUTRAL→FLAT-NEUTRAL (93%),9284.091471409509,BUY,0.13931116389548692,SIDEWAYS,0.01845096759831096,,
2025-05-20 17:00:00,BUY,106200.31,0.004031946199606685,428.1939363015518,Markov: FLAT-NEUTRAL→FLAT-NEUTRAL (93%),9388.280770182608,BUY,0.13931116389548692,SIDEWAYS,0.028083843814804468,,
2025-05-20 20:00:00,BUY,106909.09,0.0034472442021758177,368.54174066239267,Markov: FLAT-NEUTRAL→FLAT-NEUTRAL (93%),9433.282318604877,BUY,0.13931116389548692,SIDEWAYS,0.033656642208656364,,
2025-05-21 04:00:00,BUY,107287.0,0.0038435196284231994,412.3596903746398,Markov: FLAT-NEUTRAL→FLAT-NEUTRAL (93%),9458.579162381095,BUY,0.181104513064133,STEADY_BULL,0.037628558296811186,,
2025-05-21 05:00:00,BUY,107542.0,0.003139977770936602,337.67948944206404,Markov: FLAT-NEUTRAL→FLAT-NEUTRAL (93%),9476.628655146947,BUY,0.181104513064133,STEADY_BULL,0.04143226027669923,,
2025-05-21 06:00:00,BUY,107751.41,0.002566316393770754,276.524209934914,Markov: FLAT-NEUTRAL→FLAT-NEUTRAL (93%),9492.108724480575,BUY,0.181104513064133,STEADY_BULL,0.04460524086360257,,
2025-05-21 18:00:00,STOP_LOSS,106965.05,0.005130282556479929,548.7609301680035,Time-based exit after 73h,9431.961134250801,STOP_LOSS,,,,104836.67,Markov: FLAT-NEUTRAL→FLAT-NEUTRAL (93%)
2025-05-21 18:00:00,BUY,106965.05,0.0019916885310616635,213.04106330943742,Markov: FLAT-NEUTRAL→FLAT-NEUTRAL (93%),9431.9611342508,BUY,0.11841448931116388,SIDEWAYS,0.04225490520372546,,
2025-05-21 19:00:00,STOP_LOSS,108603.79,0.006550836660707636,711.4456890237933,Time-based exit after 73h,9552.16275374613,STOP_LOSS,,,,104498.0,Markov: FLAT-NEUTRAL→FLAT-NEUTRAL (93%)
2025-05-21 23:00:00,BUY,109643.99,0.002481297812435726,272.05939253372463,Markov: FLAT-NEUTRAL→FLAT-NEUTRAL (93%),9621.647269156316,BUY,0.11841448931116388,SIDEWAYS,0.04428897291466554,,
2025-05-22 16:00:00,STOP_LOSS,111252.36,0.00744647733595333,828.4381773113208,Time-based exit after 73h,9733.07592420377,STOP_LOSS,,,,104786.41,Markov: FLAT-NEUTRAL→FLAT-NEUTRAL (93%)
2025-05-23 01:00:00,STOP_LOSS,111327.69,0.006352065754112111,707.1608071334093,Time-based exit after 73h,9737.733880066111,STOP_LOSS,,,,105727.27,Markov: FLAT-NEUTRAL→FLAT-NEUTRAL (93%)
2025-05-23 02:00:00,STOP_LOSS,111272.72,0.0054300334821439,604.2145952492232,Time-based exit after 73h,9734.684037671883,STOP_LOSS,,,,106450.0,Markov: FLAT-NEUTRAL→FLAT-NEUTRAL (93%)
2025-05-23 07:00:00,BUY,110715.42,0.00817609198316509,905.2194578747557,Markov: FLAT-NEUTRAL→FLAT-NEUTRAL (93%),9706.790108624133,BUY,0.21732541567695962,STEADY_BULL,0.027857706011908633,,
2025-05-23 12:00:00,STOP_LOSS,108412.77,0.004763147696223083,516.386035666663,Trailing stop hit at $108412.77,9572.711401490686,STOP_LOSS,,,,104448.04,Markov: FLAT-NEUTRAL→FLAT-NEUTRAL (93%)
2025-05-23 12:00:00,STOP_LOSS,108412.77,0.004031946199606685,437.1144559903337,Trailing stop hit at $108412.77,9572.711401490686,STOP_LOSS,,,,106200.31,Markov: FLAT-NEUTRAL→FLAT-NEUTRAL (93%)
2025-05-23 14:00:00,BUY,109672.01,0.0053522769416128125,586.9949702633297,Markov: FLAT-NEUTRAL→FLAT-NEUTRAL (93%),9634.959295777502,BUY,0.13931116389548692,SIDEWAYS,0.02017276583259651,,
2025-05-23 16:00:00,BUY,109068.87,0.004632119299990443,505.22001775514855,Markov: FLAT-NEUTRAL→FLAT-NEUTRAL (93%),9601.916159706901,BUY,0.13931116389548692,SIDEWAYS,0.021963021694073936,,
2025-05-23 21:00:00,STOP_LOSS,108282.89,0.0034472442021758177,373.27756474734184,Time-based exit after 73h,9555.215347407877,STOP_LOSS,,,,106909.09,Markov: FLAT-NEUTRAL→FLAT-NEUTRAL (93%)
2025-05-24 05:00:00,STOP_LOSS,108235.68,0.0038435196284231994,416.0059605757323,Time-based exit after 73h,9552.573000902774,STOP_LOSS,,,,107287.0,Markov: FLAT-NEUTRAL→FLAT-NEUTRAL (93%)
2025-05-24 06:00:00,STOP_LOSS,107959.99,0.003139977770936602,338.99196875053786,Time-based exit after 73h,9538.202235148314,STOP_LOSS,,,,107542.0,Markov: FLAT-NEUTRAL→FLAT-NEUTRAL (93%)
2025-05-24 07:00:00,STOP_LOSS,107587.75,0.002566316393770754,276.10420659390945,Time-based exit after 73h,9519.967477302664,STOP_LOSS,,,,107751.41,Markov: FLAT-NEUTRAL→FLAT-NEUTRAL (93%)
2025-05-24 10:00:00,BUY,109094.99,0.005779211306674743,630.482999709568,Markov: FLAT-NEUTRAL→FLAT-NEUTRAL (93%),9589.933928317601,BUY,0.13931116389548692,SIDEWAYS,0.014141481585972105,,
2025-05-24 11:00:00,BUY,109208.56,0.00496892990076703,542.6496792037102,Markov: FLAT-NEUTRAL→FLAT-NEUTRAL (93%),9595.862220641266,BUY,0.13931116389548692,SIDEWAYS,0.018411235875745717,,
2025-05-24 12:00:00,BUY,108776.63,0.004293684413704752,467.05252080632874,Markov: FLAT-NEUTRAL→FLAT-NEUTRAL (93%),9571.169479316983,BUY,0.13931116389548692,SIDEWAYS,0.020354058367327867,,
2025-05-24 19:00:00,STOP_LOSS,108960.0,0.0019916885310616635,217.01438234447886,Time-based exit after 73h,9582.43977932128,STOP_LOSS,,,,106965.05,Markov: FLAT-NEUTRAL→FLAT-NEUTRAL (93%)
2025-05-24 23:00:00,BUY,107761.91,0.0040108737560326044,432.2194167189475,Markov: FLAT-NEUTRAL→FLAT-NEUTRAL (93%),9511.188908494869,BUY,0.13931116389548692,STEADY_BEAR,0.017898482911248962,,
2025-05-25 00:00:00,STOP_LOSS,107443.9,0.002481297812435726,266.60031402956287,Time-based exit after 73h,9491.001234124677,STOP_LOSS,,,,109643.99,Markov: FLAT-NEUTRAL→FLAT-NEUTRAL (93%)
2025-05-25 08:00:00,BUY,107109.41,0.0038198961861517413,409.1468267599632,Markov: FLAT-NEUTRAL→FLAT-NEUTRAL (93%),9470.597357953131,BUY,0.13931116389548692,SIDEWAYS,0.016919085841767732,,
2025-05-25 09:00:00,BUY,107131.67,0.003287058869892419,352.1481061198876,Markov: FLAT-NEUTRAL→FLAT-NEUTRAL (93%),9472.040247921963,BUY,0.13931116389548692,STEADY_BEAR,0.019604652309568444,,
2025-05-25 10:00:00,BUY,106946.4,0.0028340359618718785,303.08994359273464,Markov: FLAT-NEUTRAL→FLAT-NEUTRAL (93%),9459.422080018145,BUY,0.13931116389548692,STEADY_BEAR,0.020996393604133846,,
2025-05-25 12:00:00,BUY,107530.57,0.0024259718030492467,260.86613078581325,Markov: FLAT-NEUTRAL→FLAT-NEUTRAL (93%),9500.86365459038,BUY,0.13931116389548692,SIDEWAYS,0.02571820955261992,,
2025-05-25 15:00:00,BUY,106967.97,0.0020989887578976144,224.5245664851293,Markov: FLAT-NEUTRAL→FLAT-NEUTRAL (93%),9459.587424566262,BUY,0.13931116389548692,SIDEWAYS,0.024536310856018755,,
2025-05-25 16:00:00,BUY,107174.4,0.0018030965212304088,193.2457878049563,Markov: FLAT-NEUTRAL→FLAT-NEUTRAL (93%),9475.165852416474,BUY,0.13931116389548692,SIDEWAYS,0.02704364021698844,,
2025-05-26 08:00:00,STOP_LOSS,109666.4,0.00817609198316509,896.6425738625759,Time-based exit after 73h,9667.720217257876,STOP_LOSS,,,,110715.42,Markov: FLAT-NEUTRAL→FLAT-NEUTRAL (93%)
2025-05-26 14:00:00,BUY,109652.51,0.002655997685333314,291.23681275098807,Markov: FLAT-NEUTRAL→FLAT-NEUTRAL (93%),9666.76051667165,BUY,0.13931116389548692,SIDEWAYS,0.03669790603982104,,
2025-05-26 15:00:00,STOP_LOSS,110009.82,0.0053522769416128125,588.803022936976,Time-based exit after 73h,9692.39712058286,STOP_LOSS,,,,109672.01,Markov: FLAT-NEUTRAL→FLAT-NEUTRAL (93%)
2025-05-26 15:00:00,BUY,110009.82,0.0030241946385146995,332.6911078279672,Markov: FLAT-NEUTRAL→FLAT-NEUTRAL (93%),9692.397120582858,BUY,0.13931116389548692,SIDEWAYS,0.04017184044529237,,
2025-05-26 16:00:00,BUY,109391.37,0.0026176061455192865,286.3435223787741,Markov: FLAT-NEUTRAL→FLAT-NEUTRAL (93%),9649.463808172102,BUY,0.13931116389548692,SIDEWAYS,0.03565718979102456,,
2025-05-26 17:00:00,STOP_LOSS,109171.91,0.004632119299990443,505.69731132781965,Time-based exit after 73h,9633.654252941096,STOP_LOSS,,,,109068.87,Markov: FLAT-NEUTRAL→FLAT-NEUTRAL (93%)
2025-05-27 01:00:00,BUY,108385.31,0.002923845990034541,316.9019540221506,Markov: FLAT-NEUTRAL→FLAT-NEUTRAL (93%),9580.632443986706,BUY,0.13931116389548692,SIDEWAYS,0.02980621952331999,,
2025-05-27 02:00:00,BUY,108272.72,0.0025191384678113814,272.7539739665707,Markov: FLAT-NEUTRAL→FLAT-NEUTRAL (93%),9572.713970935343,BUY,0.13931116389548692,SIDEWAYS,0.03126973515031713,,
2025-05-27 03:00:00,BUY,108892.16,0.0021558604439122927,234.7563003961684,Markov: FLAT-NEUTRAL→FLAT-NEUTRAL (93%),9617.839742232116,BUY,0.13931116389548692,SIDEWAYS,0.03598445930565235,,
2025-05-27 06:00:00,BUY,108828.19,0.0018566157073473298,202.05212695617962,Markov: FLAT-NEUTRAL→FLAT-NEUTRAL (93%),9613.041662025082,BUY,0.13931116389548692,SIDEWAYS,0.03712682342610911,,
2025-05-27 11:00:00,STOP_LOSS,109585.49,0.005779211306674743,633.317702855492,Time-based exit after 73h,9671.249086210566,STOP_LOSS,,,,109094.99,Markov: FLAT-NEUTRAL→FLAT-NEUTRAL (93%)
2025-05-27 12:00:00,STOP_LOSS,109603.02,0.00496892990076703,544.6097232923668,Time-based exit after 73h,9672.495163597896,STOP_LOSS,,,,109208.56,Markov: FLAT-NEUTRAL→FLAT-NEUTRAL (93%)
2025-05-27 13:00:00,STOP_LOSS,109837.26,0.004293684413704752,471.60653130603635,Time-based exit after 73h,9687.981621789275,STOP_LOSS,,,,108776.63,Markov: FLAT-NEUTRAL→FLAT-NEUTRAL (93%)
2025-05-27 13:00:00,BUY,109837.26,0.003675460453769388,403.70250548038626,Markov: FLAT-NEUTRAL→FLAT-NEUTRAL (93%),9687.981621789273,BUY,0.13931116389548692,SIDEWAYS,0.035588379104782006,,
2025-05-27 14:00:00,BUY,109374.75,0.0031768048802341448,347.4622395743895,Markov: FLAT-NEUTRAL→FLAT-NEUTRAL (93%),9657.689338579563,BUY,0.13931116389548692,SIDEWAYS,0.032837449668394796,,
2025-05-27 15:00:00,BUY,110140.11,0.002715240347676689,299.0568705695488,Markov: FLAT-NEUTRAL→FLAT-NEUTRAL (93%),9710.24830683123,BUY,0.13931116389548692,SIDEWAYS,0.0383445546739788,,
2025-05-28 00:00:00,STOP_LOSS,109205.39,0.0040108737560326044,438.0090327683054,Time-based exit after 73h,9643.521022395662,STOP_LOSS,,,,107761.91,Markov: FLAT-NEUTRAL→FLAT-NEUTRAL (93%)
2025-05-28 09:00:00,STOP_LOSS,108789.17,0.0038198961861517413,415.56333557761343,Time-based exit after 73h,9615.477540637981,STOP_LOSS,,,,107109.41,Markov: FLAT-NEUTRAL→FLAT-NEUTRAL (93%)
2025-05-28 10:00:00,STOP_LOSS,108829.01,0.003287058869892419,357.7273626221108,Time-based exit after 73h,9618.009639077154,STOP_LOSS,,,,107131.67,Markov: FLAT-NEUTRAL→FLAT-NEUTRAL (93%)
2025-05-28 11:00:00,STOP_LOSS,108870.38,0.0028340359618718785,308.54257210265695,Time-based exit after 73h,9620.502993623108,STOP_LOSS,,,,106946.4,Markov: FLAT-NEUTRAL→FLAT-NEUTRAL (93%)
2025-05-28 13:00:00,STOP_LOSS,108068.45,0.0024259718030492467,262.17101249923735,Time-based exit after 73h,9574.443668610033,STOP_LOSS,,,,107530.57,Markov: FLAT-NEUTRAL→FLAT-NEUTRAL (93%)
2025-05-28 13:00:00,BUY,108068.45,0.004678972067507813,505.6492589288647,Markov: FLAT-NEUTRAL→FLAT-NEUTRAL (93%),9574.443668610034,BUY,0.13931116389548692,SIDEWAYS,0.019919460844808598,,
2025-05-28 16:00:00,STOP_LOSS,107420.0,0.0020989887578976144,225.47337237336174,Time-based exit after 73h,9535.738600373528,STOP_LOSS,,,,106967.97,Markov: FLAT-NEUTRAL→FLAT-NEUTRAL (93%)
2025-05-28 17:00:00,STOP_LOSS,107679.01,0.0018030965212304088,194.15564834053438,Time-based exit after 73h,9550.654883810477,STOP_LOSS,,,,107174.4,Markov: FLAT-NEUTRAL→FLAT-NEUTRAL (93%)
2025-05-28 17:00:00,BUY,107679.01,0.004584604552220256,493.6656794245704,Markov: FLAT-NEUTRAL→FLAT-NEUTRAL (93%),9550.654883810475,BUY,0.13931116389548692,SIDEWAYS,0.01833950857998009,,
2025-05-29 01:00:00,BUY,108156.23,0.003928507299567275,424.8925390486771,Markov: FLAT-NEUTRAL→FLAT-NEUTRAL (93%),9579.465186087196,BUY,0.13931116389548692,SIDEWAYS,0.021893542642190206,,
2025-05-29 04:00:00,BUY,107564.44,0.0033998249319505337,365.7002649032973,Markov: FLAT-NEUTRAL→FLAT-NEUTRAL (93%),9541.41331412387,BUY,0.13931116389548692,SIDEWAYS,0.022139999202338743,,
2025-05-29 13:00:00,BUY,107601.08,0.002925194945652321,314.75413536273106,Markov: FLAT-NEUTRAL→FLAT-NEUTRAL (93%),9543.89382177649,BUY,0.13931116389548692,SIDEWAYS,0.024601893504249118,,
2025-05-29 14:00:00,BUY,107622.54,0.0025171806057024053,270.90537042443134,Markov: FLAT-NEUTRAL→FLAT-NEUTRAL (93%),9545.409426542587,BUY,0.13931116389548692,SIDEWAYS,0.026681752119715407,,
2025-05-29 15:00:00,STOP_LOSS,107019.89,0.002655997685333314,284.2445801246259,Time-based exit after 73h,9501.33050858767,STOP_LOSS,,,,109652.51,Markov: FLAT-NEUTRAL→FLAT-NEUTRAL (93%)
2025-05-29 16:00:00,STOP_LOSS,106724.42,0.0030241946385146995,322.755418762591,Time-based exit after 73h,9480.504062603677,STOP_LOSS,,,,110009.82,Markov: FLAT-NEUTRAL→FLAT-NEUTRAL (93%)
2025-05-29 17:00:00,STOP_LOSS,106303.6,0.0026176061455192865,278.260956650824,Time-based exit after 73h,9452.114860352882,STOP_LOSS,,,,109391.37,Markov: FLAT-NEUTRAL→FLAT-NEUTRAL (93%)
2025-05-30 01:00:00,BUY,105666.66,0.003373741178459706,356.4919620323011,Markov: FLAT-NEUTRAL→FLAT-NEUTRAL (93%),9410.813109139735,BUY,0.13931116389548692,STEADY_BEAR,0.016286002267910802,,
2025-05-30 02:00:00,STOP_LOSS,106000.0,0.002923845990034541,309.9276749436613,Time-based exit after 73h,9433.552818234151,STOP_LOSS,,,,108385.31,Markov: FLAT-NEUTRAL→FLAT-NEUTRAL (93%)
2025-05-30 03:00:00,STOP_LOSS,106024.33,0.0025191384678113814,267.0899682269283,Time-based exit after 73h,9435.141419233252,STOP_LOSS,,,,108272.72,Markov: FLAT-NEUTRAL→FLAT-NEUTRAL (93%)
2025-05-30 04:00:00,STOP_LOSS,106112.08,0.0021558604439122927,228.76283589325672,Time-based exit after 73h,9440.649906044007,STOP_LOSS,,,,108892.16,Markov: FLAT-NEUTRAL→FLAT-NEUTRAL (93%)
2025-05-30 07:00:00,STOP_LOSS,105028.02,0.0018566157073473298,194.9966716435895,Time-based exit after 73h,9374.93536176849,STOP_LOSS,,,,108828.19,Markov: FLAT-NEUTRAL→FLAT-NEUTRAL (93%)
2025-05-30 07:00:00,BUY,105028.02,0.0042488478936121765,446.2480815472575,Markov: FLAT-NEUTRAL→FLAT-NEUTRAL (93%),9374.93536176849,BUY,0.13931116389548692,SIDEWAYS,0.013134436486508748,,
2025-05-30 12:00:00,BUY,105684.96,0.0036342043552912437,384.0807419207809,Markov: FLAT-NEUTRAL→FLAT-NEUTRAL (93%),9416.32990678909,BUY,0.13931116389548692,SIDEWAYS,0.01811849956343334,,
2025-05-30 14:00:00,STOP_LOSS,105346.33,0.003675460453769388,387.1962698647397,Time-based exit after 73h,9393.761790371798,STOP_LOSS,,,,109837.26,Markov: FLAT-NEUTRAL→FLAT-NEUTRAL (93%)
2025-05-30 14:00:00,BUY,105346.33,0.003650006314836053,384.5147697448027,Markov: FLAT-NEUTRAL→FLAT-NEUTRAL (93%),9393.761790371798,BUY,0.13931116389548692,SIDEWAYS,0.019070252757485643,,
2025-05-30 15:00:00,STOP_LOSS,105543.0,0.0031768048802341448,335.2895174745523,Time-based exit after 73h,9406.863926189142,STOP_LOSS,,,,109374.75,Markov: FLAT-NEUTRAL→FLAT-NEUTRAL (93%)
2025-05-30 16:00:00,STOP_LOSS,103898.75,0.002715240347676689,282.1100780731734,Time-based exit after 73h,9302.54761633332,STOP_LOSS,,,,110140.11,Markov: FLAT-NEUTRAL→FLAT-NEUTRAL (93%)
2025-05-31 12:00:00,BUY,104033.96,0.0040079049752696685,416.95822588100566,Markov: FLAT-NEUTRAL→FLAT-NEUTRAL (93%),9310.75862963504,BUY,0.13931116389548692,STEADY_BEAR,0.014288699818276641,,
2025-05-31 14:00:00,STOP_LOSS,104573.92,0.004678972067507813,489.2984506697966,Time-based exit after 73h,9345.713350699789,STOP_LOSS,,,,108068.45,Markov: FLAT-NEUTRAL→FLAT-NEUTRAL (93%)
2025-05-31 14:00:00,BUY,104573.92,0.004900296671974733,512.4432321513519,Markov: FLAT-NEUTRAL→FLAT-NEUTRAL (93%),9345.713350699789,BUY,0.1671733966745843,STEADY_BEAR,0.019278030268703485,,
2025-05-31 15:00:00,BUY,104556.08,0.0040817937744960205,426.7763564297079,Markov: FLAT-NEUTRAL→FLAT-NEUTRAL (93%),9344.554516307302,BUY,0.1671733966745843,SIDEWAYS,0.020995213069880773,,
2025-05-31 18:00:00,STOP_LOSS,104487.81,0.004584604552220256,479.03528937752515,Time-based exit after 73h,9339.841232068338,STOP_LOSS,,,,107679.01,Markov: FLAT-NEUTRAL→FLAT-NEUTRAL (93%)
2025-06-01 02:00:00,STOP_LOSS,104195.12,0.003928507299567275,409.3312894992882,Time-based exit after 73h,9320.976110610412,STOP_LOSS,,,,108156.23,Markov: FLAT-NEUTRAL→FLAT-NEUTRAL (93%)
2025-06-01 05:00:00,STOP_LOSS,104536.57,0.0033998249319505337,355.40603698659226,Time-based exit after 73h,9341.642633651287,STOP_LOSS,,,,107564.44,Markov: FLAT-NEUTRAL→FLAT-NEUTRAL (93%)
2025-06-01 09:00:00,BUY,103934.34,0.004516925430915239,469.46366349139095,Markov: FLAT-NEUTRAL→FLAT-NEUTRAL (93%),9307.239677738273,BUY,0.13931116389548692,SIDEWAYS,0.01748125191896571,,
2025-06-01 14:00:00,STOP_LOSS,104599.7,0.002925194945652321,305.9745137567491,Time-based exit after 73h,9348.254375860031,STOP_LOSS,,,,107601.08,Markov: FLAT-NEUTRAL→FLAT-NEUTRAL (93%)
2025-06-01 14:00:00,BUY,104599.7,0.00427045010413581,446.68779975757445,Markov: FLAT-NEUTRAL→FLAT-NEUTRAL (93%),9348.254375860031,BUY,0.13931116389548692,SIDEWAYS,0.023112117485376445,,
2025-06-01 15:00:00,STOP_LOSS,104715.1,0.0025171806057024053,263.586818844188,Time-based exit after 73h,9355.523205180474,STOP_LOSS,,,,107622.54,Markov: FLAT-NEUTRAL→FLAT-NEUTRAL (93%)
2025-06-01 15:00:00,BUY,104715.1,0.004022149518036322,421.1797889961253,Markov: FLAT-NEUTRAL→FLAT-NEUTRAL (93%),9355.523205180472,BUY,0.13931116389548692,SIDEWAYS,0.0253622833939322,,
2025-06-01 16:00:00,SELL,105038.8,0.00898460760848348,943.7324016659745,Technical: RSI overbought (62.3) or above BB upper,9376.399618825599,SELL,,SIDEWAYS,0.02845325436444102,,
2025-06-01 18:00:00,BUY,104900.01,0.004709029118908469,493.9772016637896,Markov: FLAT-NEUTRAL→FLAT-NEUTRAL (93%),9368.695596377776,BUY,0.13931116389548692,SIDEWAYS,0.022259005654011555,,
2025-06-02 03:00:00,BUY,104829.27,0.004055743808596315,425.1606627621714,Markov: FLAT-NEUTRAL→FLAT-NEUTRAL (93%),9364.435809523464,BUY,0.13931116389548692,SIDEWAYS,0.02515894971920397,,
2025-06-02 08:00:00,BUY,105328.43,0.003474190548460627,365.93103599019673,Markov: FLAT-NEUTRAL→FLAT-NEUTRAL (93%),9396.518448284023,BUY,0.13931116389548692,SIDEWAYS,0.029938561299562124,,
2025-06-02 09:00:00,BUY,104585.36,0.0030114421125568736,314.95275746092113,Markov: FLAT-NEUTRAL→FLAT-NEUTRAL (93%),9346.177352737217,BUY,0.13931116389548692,SIDEWAYS,0.02895389590145756,,
2025-06-02 10:00:00,BUY,104370.85,0.0025972416843107744,271.0763222469472,Markov: FLAT-NEUTRAL→FLAT-NEUTRAL (93%),9330.998863403513,BUY,0.13931116389548692,SIDEWAYS,0.029946356934716617,,
2025-06-02 11:00:00,BUY,104047.64,0.002242360944373336,233.31236429021692,Markov: FLAT-NEUTRAL→FLAT-NEUTRAL (93%),9307.289428323196,BUY,0.13931116389548692,SIDEWAYS,0.030048779636893647,,
2025-06-02 12:00:00,BUY,104200.32,0.0019271471265130372,200.80934726973896,Markov: FLAT-NEUTRAL→FLAT-NEUTRAL (93%),9318.831806063725,BUY,0.13931116389548692,SIDEWAYS,0.03236264488058731,,
2025-06-02 13:00:00,STOP_LOSS,103800.0,0.0022721858188796476,235.85288799970743,Time-based exit after 73h,9287.79674225588,STOP_LOSS,,,,105684.96,Markov: FLAT-NEUTRAL→FLAT-NEUTRAL (93%)
2025-06-02 13:00:00,BUY,103800.0,0.001981611789170036,205.69130371584976,Markov: FLAT-NEUTRAL→FLAT-NEUTRAL (93%),9287.796742255878,BUY,0.13931116389548692,SIDEWAYS,0.03145179311796021,,
2025-06-02 14:00:00,BUY,104176.62,0.0014444774410343937,150.48077747321244,Markov: FLAT-NEUTRAL→FLAT-NEUTRAL (93%),9316.885012428156,BUY,0.11841448931116388,SIDEWAYS,0.033752038718733474,,
2025-06-02 15:00:00,STOP_LOSS,104438.79,0.003650006314836053,381.2022430138364,Time-based exit after 73h,9337.512428064336,STOP_LOSS,,,,105346.33,Markov: FLAT-NEUTRAL→FLAT-NEUTRAL (93%)
2025-06-03 13:00:00,STOP_LOSS,105421.55,0.0040079049752696685,422.5195547456401,Time-based exit after 73h,9411.248454966786,STOP_LOSS,,,,104033.96,Markov: FLAT-NEUTRAL→FLAT-NEUTRAL (93%)
2025-06-03 13:00:00,BUY,105421.55,0.0025425539240541374,268.0399756323695,Markov: FLAT-NEUTRAL→FLAT-NEUTRAL (93%),9411.248454966786,BUY,0.13931116389548692,SIDEWAYS,0.0391536712990899,,
2025-06-03 15:00:00,STOP_LOSS,106610.66,0.004900296671974733,522.4238623950298,Time-based exit after 73h,9498.724363055968,STOP_LOSS,,,,104573.92,Markov: FLAT-NEUTRAL→FLAT-NEUTRAL (93%)
2025-06-03 16:00:00,STOP_LOSS,105817.63,0.0040817937744960205,431.9257433659233,Time-based exit after 73h,9444.271839652622,STOP_LOSS,,,,104556.08,Markov: FLAT-NEUTRAL→FLAT-NEUTRAL (93%)
2025-06-03 16:00:00,BUY,105817.63,0.0034365782809373407,363.65056899826357,Markov: FLAT-NEUTRAL→FLAT-NEUTRAL (93%),9444.271839652622,BUY,0.13931116389548692,SIDEWAYS,0.0356685201985711,,
2025-06-04 05:00:00,BUY,105354.14,0.002970837073700752,312.98998497985934,Markov: FLAT-NEUTRAL→FLAT-NEUTRAL (93%),9412.745864955696,BUY,0.13931116389548692,SIDEWAYS,0.03266052509244874,,
2025-06-04 09:00:00,BUY,105825.31,0.0025455818261688455,269.3869858846842,Markov: FLAT-NEUTRAL→FLAT-NEUTRAL (93%),9446.19399236442,BUY,0.13931116389548692,SIDEWAYS,0.03688735763651232,,
2025-06-04 10:00:00,STOP_LOSS,105705.13,0.004516925430915239,477.4621898752014,Time-based exit after 73h,9437.356545033335,STOP_LOSS,,,,103934.34,Markov: FLAT-NEUTRAL→FLAT-NEUTRAL (93%)
2025-06-04 11:00:00,BUY,105084.36,0.0028393776650530484,298.37418473039395,Markov: FLAT-NEUTRAL→FLAT-NEUTRAL (93%),9394.512137903836,BUY,0.13931116389548692,SIDEWAYS,0.03133584355335786,,
2025-06-04 12:00:00,BUY,105039.19,0.002444871573926224,256.8073297792357,Markov: FLAT-NEUTRAL→FLAT-NEUTRAL (93%),9391.266332640356,BUY,0.13931116389548692,SIDEWAYS,0.033021750837220254,,
2025-06-04 14:00:00,BUY,105033.3,0.0021043916716964838,221.03120177079828,Markov: FLAT-NEUTRAL→FLAT-NEUTRAL (93%),9390.828691412495,BUY,0.13931116389548692,SIDEWAYS,0.034632402550399524,,
2025-06-04 15:00:00,STOP_LOSS,105298.27,0.00427045010413581,449.6710080868206,Time-based exit after 73h,9411.074203134238,STOP_LOSS,,,,104599.7,Markov: FLAT-NEUTRAL→FLAT-NEUTRAL (93%)
2025-06-04 15:00:00,BUY,105298.27,0.0024015900669737693,252.88327930152204,Markov: FLAT-NEUTRAL→FLAT-NEUTRAL (93%),9411.07420313424,BUY,0.13931116389548692,SIDEWAYS,0.03744860097975962,,
2025-06-04 16:00:00,STOP_LOSS,105445.89,0.004022149518036322,424.11913564241104,Time-based exit after 73h,9422.077494904423,STOP_LOSS,,,,104715.1,Markov: FLAT-NEUTRAL→FLAT-NEUTRAL (93%)
2025-06-04 19:00:00,STOP_LOSS,104913.52,0.004709029118908469,494.0408206471861,Time-based exit after 73h,9384.536999676176,STOP_LOSS,,,,104900.01,Markov: FLAT-NEUTRAL→FLAT-NEUTRAL (93%)
2025-06-05 04:00:00,STOP_LOSS,105173.71,0.004055743808596315,426.5576231596043,Time-based exit after 73h,9401.659262796564,STOP_LOSS,,,,104829.27,Markov: FLAT-NEUTRAL→FLAT-NEUTRAL (93%)
2025-06-05 05:00:00,BUY,104649.23,0.0038699566775227076,404.9879864361096,Markov: FLAT-NEUTRAL→FLAT-NEUTRAL (93%),9369.272085317287,BUY,0.13931116389548692,SIDEWAYS,0.02418945077489311,,
2025-06-05 09:00:00,STOP_LOSS,104900.0,0.003474190548460627,364.44258853351977,Time-based exit after 73h,9385.727858838663,STOP_LOSS,,,,105328.43,Markov: FLAT-NEUTRAL→FLAT-NEUTRAL (93%)
2025-06-05 10:00:00,STOP_LOSS,104659.24,0.0030114421125568736,315.17524280419684,Time-based exit after 73h,9370.765397458175,STOP_LOSS,,,,104585.36,Markov: FLAT-NEUTRAL→FLAT-NEUTRAL (93%)
2025-06-05 11:00:00,STOP_LOSS,104827.8,0.0025972416843107744,272.263131834593,Time-based exit after 73h,9380.733251852169,STOP_LOSS,,,,104370.85,Markov: FLAT-NEUTRAL→FLAT-NEUTRAL (93%)
2025-06-05 12:00:00,STOP_LOSS,105649.59,0.002242360944373336,236.90451440505575,Time-based exit after 73h,9427.19570290007,STOP_LOSS,,,,104047.64,Markov: FLAT-NEUTRAL→FLAT-NEUTRAL (93%)
2025-06-05 13:00:00,STOP_LOSS,104527.0,0.0019271471265130372,201.43890769302823,Time-based exit after 73h,9366.24384120384,STOP_LOSS,,,,104200.32,Markov: FLAT-NEUTRAL→FLAT-NEUTRAL (93%)
2025-06-05 14:00:00,STOP_LOSS,104639.2,0.001981611789170036,207.35427232932122,Time-based exit after 73h,9372.119598016841,STOP_LOSS,,,,103800.0,Markov: FLAT-NEUTRAL→FLAT-NEUTRAL (93%)
2025-06-05 14:00:00,BUY,104639.2,0.004639368456121507,485.45980375378963,Markov: FLAT-NEUTRAL→FLAT-NEUTRAL (93%),9372.119598016841,BUY,0.11841448931116388,SIDEWAYS,0.017788446862244664,,
2025-06-05 15:00:00,STOP_LOSS,104531.49,0.0014444774410343937,150.99337918271232,Time-based exit after 73h,9366.192709242958,STOP_LOSS,,,,104176.62,Markov: FLAT-NEUTRAL→FLAT-NEUTRAL (93%)
2025-06-05 15:00:00,BUY,104531.49,0.004265261433626121,445.8541328964746,Markov: FLAT-NEUTRAL→FLAT-NEUTRAL (93%),9366.192709242958,BUY,0.11841448931116388,SIDEWAYS,0.01905510410918389,,
2025-06-06 12:00:00,BUY,103753.27,0.004456937268718677,462.42181581443145,Markov: FLAT-NEUTRAL→FLAT-NEUTRAL (93%),9321.174908181012,BUY,0.13931116389548692,SIDEWAYS,0.018149763133195093,,
2025-06-06 14:00:00,STOP_LOSS,104776.7,0.0025425539240541374,266.40040973444314,Time-based exit after 73h,9384.938769679175,STOP_LOSS,,,,105421.55,Markov: FLAT-NEUTRAL→FLAT-NEUTRAL (93%)
2025-06-06 15:00:00,BUY,105092.28,0.004140302651964525,435.11384558499844,Markov: FLAT-NEUTRAL→FLAT-NEUTRAL (93%),9403.798311123479,BUY,0.13931116389548692,SIDEWAYS,0.024804048739548844,,
2025-06-06 16:00:00,BUY,104758.27,0.003574874130028217,374.4976293295111,Markov: FLAT-NEUTRAL→FLAT-NEUTRAL (93%),9382.45446232057,BUY,0.13931116389548692,SIDEWAYS,0.026214917851870183,,
2025-06-06 17:00:00,STOP_LOSS,104922.14,0.0034365782809373407,360.573147513467,Time-based exit after 73h,9393.511869122134,STOP_LOSS,,,,105817.63,Markov: FLAT-NEUTRAL→FLAT-NEUTRAL (93%)
2025-06-07 06:00:00,STOP_LOSS,105316.37,0.002970837073700752,312.8777764635857,Time-based exit after 73h,9418.758406241439,STOP_LOSS,,,,105354.14,Markov: FLAT-NEUTRAL→FLAT-NEUTRAL (93%)
2025-06-07 10:00:00,STOP_LOSS,105145.84,0.0025455818261688455,267.6573394012572,Time-based exit after 73h,9408.344261159415,STOP_LOSS,,,,105825.31,Markov: FLAT-NEUTRAL→FLAT-NEUTRAL (93%)
2025-06-07 12:00:00,STOP_LOSS,105465.21,0.0028393776650530484,299.45556171412943,Time-based exit after 73h,9427.034976075312,STOP_LOSS,,,,105084.36,Markov: FLAT-NEUTRAL→FLAT-NEUTRAL (93%)
2025-06-07 12:00:00,SELL,105465.21,0.0077574481246349795,818.1408955287343,Technical: RSI overbought (64.8) or above BB upper,9427.034976075312,SELL,,SIDEWAYS,0.025920392708375085,,
2025-06-07 13:00:00,SELL,105610.52,0.006676748997533218,705.134933538962,Technical: RSI overbought (66.4) or above BB upper,9433.999230552145,SELL,,SIDEWAYS,0.01875757843003852,,
2025-06-07 18:00:00,BUY,105599.99,0.006698482147139074,707.3596477530648,Markov: FLAT-NEUTRAL→FLAT-NEUTRAL (93%),9433.564866705728,BUY,0.13931116389548692,SIDEWAYS,0.013610945053430887,,
2025-06-08 09:00:00,BUY,105140.01,0.005790531615242226,608.8165519318837,Markov: FLAT-NEUTRAL→FLAT-NEUTRAL (93%),9411.50946507255,BUY,0.13931116389548692,SIDEWAYS,0.016971491112439396,,
2025-06-08 10:00:00,BUY,105357.64,0.0049735511300691235,524.0016094834159,Markov: FLAT-NEUTRAL→FLAT-NEUTRAL (93%),9423.20471446482,BUY,0.13931116389548692,SIDEWAYS,0.021518674687507185,,
2025-06-08 11:00:00,BUY,105686.71,0.004267351452071626,451.0023353831728,Markov: FLAT-NEUTRAL→FLAT-NEUTRAL (93%),9442.525300270368,BUY,0.13931116389548692,SIDEWAYS,0.026021433734514272,,
2025-06-08 12:00:00,BUY,105721.5,0.003671653118063594,388.17267512136027,Markov: FLAT-NEUTRAL→FLAT-NEUTRAL (93%),9444.716376008402,BUY,0.13931116389548692,SIDEWAYS,0.02902487587449356,,
2025-06-08 13:00:00,BUY,105627.9,0.0031629511517106638,334.0958879577788,Markov: FLAT-NEUTRAL→FLAT-NEUTRAL (93%),9438.477777138582,BUY,0.13931116389548692,SIDEWAYS,0.031086572519399246,,
2025-06-08 15:00:00,STOP_LOSS,105984.52,0.0010259813240724941,108.73813816078774,Time-based exit after 73h,9463.37507707911,STOP_LOSS,,,,104639.2,Markov: FLAT-NEUTRAL→FLAT-NEUTRAL (93%)
2025-06-08 16:00:00,STOP_LOSS,106189.99,0.004265261433626121,452.9280689841435,Time-based exit after 73h,9477.509084519403,STOP_LOSS,,,,104531.49,Markov: FLAT-NEUTRAL→FLAT-NEUTRAL (93%)
2025-06-08 16:00:00,SELL,106189.99,0.008988830749514527,954.5238474026402,Technical: RSI overbought (66.6) or above BB upper,9477.509084519403,SELL,,SIDEWAYS,0.0349559077559081,,
2025-06-08 22:00:00,BUY,105770.55,0.0047156302216398455,498.7748021394684,Markov: FLAT-NEUTRAL→FLAT-NEUTRAL (93%),9454.215662393299,BUY,0.13931116389548692,SIDEWAYS,0.022410548623694047,,
2025-06-09 00:00:00,BUY,105706.34,0.004061155687839328,429.2899039316779,Markov: FLAT-NEUTRAL→FLAT-NEUTRAL (93%),9450.346996717837,BUY,0.13931116389548692,SIDEWAYS,0.025338681310489778,,
2025-06-09 03:00:00,BUY,105659.13,0.003496953152712634,369.48502776637406,Markov: FLAT-NEUTRAL→FLAT-NEUTRAL (93%),9447.31085737064,BUY,0.13931116389548692,SIDEWAYS,0.027870741542098853,,
